Measurements,Lab,Weight,Girdle Percent,Fluorescence Color,Carat Range,Cut Grade,Total Price,Layout,Milky,Girdle Thick,Is Matched Pair Separable,lab grown,Shape,Color,BGM,Clarity,Member Comments,Trade Show,State1,Similar Stock,Crown Angle,Measurements Depth,Polish,Symmetry,Laser Inscription,H&A,Brand,Origin,City,Share Access,Tinge,Type,Culet Size,Box Lot ID,Location Of Black,Cash Discount Percent,Center Inclusion,Fancy Color Intensity,Pavilion Angle,luster,Girdle Thin,Parcel Stones,Depth Percent,Culet Condition,Sell Price,Eye Clean,Star Length,Black Inclusion,Open Inclusion,Crown Height,Table Percent,Girdle Condition,Pavilion Depth,Measurements Length,Certificate Number,Fancy Color Secondary,Measurements Width,Fancy Color Overtone,Fluorescence Intensity,Pair,Fancy Color,Cert Comment,Country,Ownership,Indented Natural,Lab SequenceNo,FM,Is Online,Shape SequenceNo,Color SequenceNo,Clarity SequenceNo,Investment Grades,Table Inclusion,Table Open,Crown Open,Girdle Open,Pavallion Open,KYS,Surface Graining,Rap Price,Internal Graining,Inclusion Pattern,Intensity Blk,Natts,Original Stock Number,Carat Group SequenceNo,Stone Detail URL,CertificateDate,pricedate,Color Inclusion,StockStatus,CARATGROUP,NewArrivalDate,incremental_bid_amount,starting_bid,Shade,liveraparate,Stock Number,Max Quantity,Featured,Short Title,Certified Sustainability Rated,LG Type,Certified Climate Neutral,Tags,Price,Discount Percent,Image Url,Video Url,Cert Url,Dor,Cert Updated At,Tier,CustomerID,quantity,Discount Percent Memo,Price Per Carat Memo,Total Price Memo,Memo Adjustment Type,Memo Percent Adjustment,Certification Category (GIA),bar_code,Gdrive Image Names,Availability
0.990224829,IGI,4.09,,,,Excellent,511.25,,None,,FALSE,TRUE,Round,F,None,VS2,Do not have different prices for Memo and COD,,California,,36.6,6.33,Excellent,Excellent,,,,,Los Angeles,yes,,,N,,,,,,40.5,,Medium,1,62,,,,,,,16.5,57,,42.5,10.13,LG594323333,,10.23,,None,,,This Laboratory Grown Diamond was created by Chemical Vapor Deposition (CVD) growth process and may,United States,,,,,,,,27,,,,,,,,,145195,,,,,,,,,,,,,,,,,35500,DLB002,,,Round 4.09ct F VS2,,CVD,,,125,,https://mycertdiamvids.com/Videos/R119094A/still.jpg,https://mycertdiamvids.com/Videos/R119094A/R119094A.html,https://s3.amazonaws.com/illuminex-media/uploads/diamond/igi_cert/LG594323333.pdf,,,,,,,,,,,,,,G
0.995117188,IGI,4.06,,,,Ideal,507.5,,None,Slightly Thick,FALSE,TRUE,Round,F,None,VS2,Do not have different prices for Memo and COD,,California,,36.2,6.22,Excellent,Excellent,,,,,Los Angeles,yes,,,N,,,,,,40.4,,Medium,1,60.8,,,,,,,15,59,,42.5,10.19,LG595374141,,10.24,,None,,,This Laboratory Grown Diamond was created by Chemical Vapor Deposition (CVD) growth process and may,United States,,,,,,,,27,,,,,,,,,144130,,,,,,,,,,,,,,,,,35500,DLB004,,,Round 4.06ct F VS2,,CVD,,,125,,https://mycertdiamvids.com/Videos/R113041A/still.jpg,https://mycertdiamvids.com/Videos/R113041A/R113041A.html,https://www.igi.org/viewpdf.php?r=595374141,,,,,,,,,,,,,,G
0.993076162,IGI,4.05,,,,Excellent,506.25,,None,,FALSE,TRUE,Round,E,None,VS1,Do not have different prices for Memo and COD,,California,,36.6,6.35,Excellent,Excellent,,,,,Los Angeles,yes,,,N,,,,,,40.4,,Medium,1,63,,,,,,,16.5,56,,42.5,10.04,LG593387985,,10.11,,None,,,This Laboratory Grown Diamond was created by Chemical Vapor Deposition (CVD) growth process and may,United States,,,,,,,,30,,,,,,,,,182250,,,,,,,,,,,,,,,,,45000,DLB005,,,Round 4.05ct E VS1,,CVD,,,125,,https://mycertdiamvids.com/Videos/R114537A/still.jpg,https://mycertdiamvids.com/Videos/R114537A/R114537A.html,https://www.igi.org/viewpdf.php?r=593387985,,,,,,,,,,,,,,G
0.994071146,IGI,4.03,,,,Excellent,503.75,,None,,FALSE,TRUE,Round,F,None,VS1,Do not have different prices for Memo and COD,,California,,36.5,6.34,Excellent,Excellent,,,,,Los Angeles,yes,,,N,,,,,,40.4,,Medium,1,62.8,,,,,,,16.5,56,,42.5,10.06,LG594331790,,10.12,,None,,,This Laboratory Grown Diamond was created by Chemical Vapor Deposition (CVD) growth process and may,United States,,,,,,,,30,,,,,,,,,165230,,,,,,,,,,,,,,,,,41000,DLB007,,,Round 4.03ct F VS1,,CVD,,,125,,https://mycertdiamvids.com/Videos/R115963A/still.jpg,https://mycertdiamvids.com/Videos/R115963A/R115963A.html,https://www.igi.org/viewpdf.php?r=594331790,,,,,,,,,,,,,,G
0.996074583,IGI,4.02,,,,Excellent,502.5,,None,Slightly Thick,FALSE,TRUE,Round,F,None,VS1,Do not have different prices for Memo and COD,,California,,36.3,6.17,Excellent,Excellent,,,,,Los Angeles,yes,,,N,,,,,,40.3,,Medium,1,60.6,,,,,,,14.5,61,,42.5,10.15,LG595367428,,10.19,,None,,,This Laboratory Grown Diamond was created by Chemical Vapor Deposition (CVD) growth process and may,United States,,,,,,,,30,,,,,,,,,164820,,,,,,,,,,,,,,,,,41000,DLB0011,,,Round 4.02ct F VS1,,CVD,,,125,,https://mycertdiamvids.com/Videos/R111113A/still.jpg,https://mycertdiamvids.com/Videos/R111113A/R111113A.html,https://s3.amazonaws.com/illuminex-media/uploads/diamond/igi_cert/LG595367428.pdf,,,,,,,,,,,,,,G
0.992071358,IGI,4.02,,,,Excellent,482.4,,None,Slightly Thick,FALSE,TRUE,Round,F,None,VS2,Do not have different prices for Memo and COD,,California,,36.6,6.32,Excellent,Excellent,,,,,Los Angeles,yes,,,N,,,,,,40.7,,Medium,1,62.9,,,,,,,16,57,,43,10.01,LG596317681,,10.09,,None,,,This Laboratory Grown Diamond was created by Chemical Vapor Deposition (CVD) growth process and may,United States,,,,,,,,27,,,,,,,,,142710,,,,,,,,,,,,,,,,,35500,DLB0010,,,Round 4.02ct F VS2,,CVD,,,120,,https://mycertdiamvids.com/Videos/R119762A/still.jpg,https://mycertdiamvids.com/Videos/R119762A/R119762A.html,https://s3.amazonaws.com/illuminex-media/uploads/diamond/igi_cert/LG596317681.pdf,,,,,,,,,,,,,,G
0.995073892,IGI,4.01,,,,Ideal,481.2,,None,,FALSE,TRUE,Round,F,None,VS2,Do not have different prices for Memo and COD,,California,,36.1,6.28,Excellent,Excellent,,,,,Los Angeles,yes,,,N,,,,,,40.2,,Medium,1,62,,,,,,,16.5,55,,42,10.1,LG594320214,,10.15,,None,,,This Laboratory Grown Diamond was created by Chemical Vapor Deposition (CVD) growth process and may,United States,,,,,,,,27,,,,,,,,,142355,,,,,,,,,,,,,,,,,35500,DLB0013,,,Round 4.01ct F VS2,,CVD,,,120,,https://mycertdiamvids.com/Videos/R110663A/still.jpg,https://mycertdiamvids.com/Videos/R110663A/R110663A.html,https://www.igi.org/viewpdf.php?r=594320214,,,,,,,,,,,,,,G
0.992133727,IGI,4,,,,Excellent,500,,None,,FALSE,TRUE,Round,F,None,VS1,Do not have different prices for Memo and COD,,California,,36.4,6.3,Excellent,Excellent,,,,,Los Angeles,yes,,,N,,,,,,40.3,,Medium,1,62.1,,,,,,,16.5,56,,42.5,10.09,LG595374139,,10.17,,None,,,This Laboratory Grown Diamond was created by Chemical Vapor Deposition (CVD) growth process and may,United States,,,,,,,,30,,,,,,,,,164000,,,,,,,,,,,,,,,,,41000,DLB0014,,,Round 4.00ct F VS1,,CVD,,,125,,https://mycertdiamvids.com/Videos/R118304A/still.jpg,https://mycertdiamvids.com/Videos/R118304A/R118304A.html,https://www.igi.org/viewpdf.php?r=595374139,,,,,,,,,,,,,,G
0.995044599,IGI,4,,,,Excellent,500,,None,Slightly Thick,FALSE,TRUE,Round,F,None,VS2,Do not have different prices for Memo and COD,,California,,36.7,6.32,Excellent,Excellent,,,,,Los Angeles,yes,,,N,,,,,,40.6,,Medium,1,62.8,,,,,,,16.5,56,,43,10.04,LG596317680,,10.09,,None,,,This Laboratory Grown Diamond was created by Chemical Vapor Deposition (CVD) growth process and may,United States,,,,,,,,27,,,,,,,,,142000,,,,,,,,,,,,,,,,,35500,DLB0016,,,Round 4.00ct F VS2,,CVD,,,125,,https://mycertdiamvids.com/Videos/R118124A/still.jpg,https://mycertdiamvids.com/Videos/R118124A/R118124A.html,https://www.igi.org/viewpdf.php?r=596317680,,,,,,,,,,,,,,G
0.993069307,IGI,4,,,,Excellent,480,,None,Slightly Thick,FALSE,TRUE,Round,E,None,VS2,Do not have different prices for Memo and COD,,California,,36.6,6.29,Excellent,Very Good,,,,,Los Angeles,yes,,,N,,,,,,40.2,,Medium,1,62.5,,,,,,,16.5,56,,42,10.03,LG594331787,,10.1,,None,,,This Laboratory Grown Diamond was created by Chemical Vapor Deposition (CVD) growth process and may,United States,,,,,,,,27,,,,,,,,,156000,,,,,,,,,,,,,,,,,39000,DBL0017,,,Round 4.00ct E VS2,,CVD,,,120,,https://mycertdiamvids.com/Videos/R116677A/still.jpg,https://mycertdiamvids.com/Videos/R116677A/R116677A.html,https://www.igi.org/viewpdf.php?r=594331787,,,,,,,,,,,,,,G
0.995922528,IGI,3.54,,,,Ideal,460.2,,None,,FALSE,TRUE,Round,F,None,SI1,Do not have different prices for Memo and COD,,California,,33.6,6.07,Excellent,Excellent,,,,,Los Angeles,yes,,,N,,,,,,41.3,,Medium,1,62,,,,,,,14.5,56,,44,9.77,LG595390467,,9.81,,None,,,This Laboratory Grown Diamond was created by Chemical Vapor Deposition (CVD) growth process and may,United States,,,,,,,,21,,,,,,,,,69030,,,,,,,,,,,,,,,,,19500,DLB0024,,,Round 3.54ct F SI1,,CVD,,,130,,https://mycertdiamvids.com/Videos/R114968A/still.jpg,https://mycertdiamvids.com/Videos/R114968A/R114968A.html,https://www.igi.org/viewpdf.php?r=595390467,,,,,,,,,,,,,,G
0.991683992,IGI,3.5,,,,Excellent,420,,None,Thick,FALSE,TRUE,Round,F,None,VS2,Do not have different prices for Memo and COD,,California,,35.5,6.02,Excellent,Excellent,,,,,Los Angeles,yes,,,N,,,,,,41.1,,Slightly Thick,1,62.8,,,,,,,15,59,,43.5,9.54,LG594334901,,9.62,,None,,,This Laboratory Grown Diamond was created by Chemical Vapor Deposition (CVD) growth process and may,United States,,,,,,,,27,,,,,,,,,85750,,,,,,,,,,,,,,,,,24500,DLB0031,,,Round 3.50ct F VS2,,CVD,,,120,,https://mycertdiamvids.com/Videos/R118195A/still.jpg,https://mycertdiamvids.com/Videos/R118195A/R118195A.html,https://www.igi.org/viewpdf.php?r=594334901,,,,,,,,,,,,,,G
0.996891192,IGI,3.31,,,,Ideal,397.2,,None,,FALSE,TRUE,Round,E,None,VS1,Do not have different prices for Memo and COD,,California,,33.8,5.8,Excellent,Excellent,,,,,Los Angeles,yes,,,N,,,,,,40.2,,Medium,1,60.2,,,,,,,14.5,57,,42,9.62,LG594345281,,9.65,,None,,,This Laboratory Grown Diamond was created by Chemical Vapor Deposition (CVD) growth process and may,United States,,,,,,,,30,,,,,,,,,105920,,,,,,,,,,,,,,,,,32000,DLB0035,,,Round 3.31ct E VS1,,CVD,,,120,,https://mycertdiamvids.com/Videos/R113531A/still.jpg,https://mycertdiamvids.com/Videos/R113531A/R113531A.html,https://www.igi.org/viewpdf.php?r=594345281,,,,,,,,,,,,,,G
0.991631799,IGI,3.3,,,,Ideal,429,,None,Slightly Thick,FALSE,TRUE,Round,F,None,VVS2,Do not have different prices for Memo and COD,,California,,35.5,5.81,Excellent,Excellent,,,,,Los Angeles,yes,,,N,,,,,,40.7,,Medium,1,61,,,,,,,14.5,60,,43,9.48,LG592355315,,9.56,,None,,,This Laboratory Grown Diamond was created by Chemical Vapor Deposition (CVD) growth process and may,United States,,,,,,,,35,,,,,,,,,110550,,,,,,,,,,,,,,,,,33500,DLB0037,,,Round 3.30ct F VVS2,,CVD,,,130,,https://mycertdiamvids.com/Videos/R117632A/still.jpg,https://mycertdiamvids.com/Videos/R117632A/R117632A.html,https://www.igi.org/viewpdf.php?r=592355315,,,,,,,,,,,,,,G
0.993657505,IGI,3.21,,,,Excellent,417.3,,None,Slightly Thick,FALSE,TRUE,Round,E,None,VS1,Do not have different prices for Memo and COD,,California,,36.4,5.79,Excellent,Excellent,,,,,Los Angeles,yes,,,N,,,,,,40.4,,Medium,1,61.3,,,,,,,15.5,59,,42.5,9.4,LG595390471,,9.46,,None,,,This Laboratory Grown Diamond was created by Chemical Vapor Deposition (CVD) growth process and may,United States,,,,,,,,30,,,,,,,,,102720,,,,,,,,,,,,,,,,,32000,DLB0045,,,Round 3.21ct E VS1,,CVD,,,130,,https://mycertdiamvids.com/Videos/R115333A/still.jpg,https://mycertdiamvids.com/Videos/R115333A/R115333A.html,https://www.igi.org/viewpdf.php?r=595390471,,,,,,,,,,,,,,G
0.995735608,IGI,3.18,,,,Excellent,413.4,,None,,FALSE,TRUE,Round,F,None,VVS2,Do not have different prices for Memo and COD,,California,,36.2,5.91,Excellent,Excellent,,,,,Los Angeles,yes,,,N,,,,,,41.6,,Medium,1,63.2,,,,,,,15.5,57,,44.5,9.34,LG594323334,,9.38,,None,,,This Laboratory Grown Diamond was created by Chemical Vapor Deposition (CVD) growth process and may,United States,,,,,,,,35,,,,,,,,,106530,,,,,,,,,,,,,,,,,33500,DLB0048,,,Round 3.18ct F VVS2,,CVD,,,130,,https://mycertdiamvids.com/Videos/R114746A/still.jpg,https://mycertdiamvids.com/Videos/R114746A/R114746A.html,https://www.igi.org/viewpdf.php?r=594323334,,,,,,,,,,,,,,G
0.993589744,IGI,3.17,,,,Excellent,380.4,,None,,FALSE,TRUE,Round,F,None,VS1,Do not have different prices for Memo and COD,,California,,36.5,5.78,Excellent,Excellent,,,,,Los Angeles,yes,,,N,,,,,,40.3,,Medium,1,62,,,,,,,16,57,,42,9.3,LG596317685,,9.36,,None,,,This Laboratory Grown Diamond was created by Chemical Vapor Deposition (CVD) growth process and may,United States,,,,,,,,30,,,,,,,,,93515,,,,,,,,,,,,,,,,,29500,DLB0049,,,Round 3.17ct F VS1,,CVD,,,120,,https://mycertdiamvids.com/Videos/R118123A/still.jpg,https://mycertdiamvids.com/Videos/R118123A/R118123A.html,https://www.igi.org/viewpdf.php?r=596317685,,,,,,,,,,,,,,G
0.993610224,IGI,3.14,,,,Ideal,314,,None,,FALSE,TRUE,Round,F,None,SI1,Do not have different prices for Memo and COD,,California,,34.5,5.76,Excellent,Excellent,,,,,Los Angeles,yes,,,N,,,,,,40.4,,Medium,1,61.5,,,,,,,15.5,56,,42.5,9.33,LG594323332,,9.39,,None,,,This Laboratory Grown Diamond was created by Chemical Vapor Deposition (CVD) growth process and may,United States,,,,,,,,21,,,,,,,,,61230,,,,,,,,,,,,,,,,,19500,DLB0052,,,Round 3.14ct F SI1,,CVD,,,100,,https://mycertdiamvids.com/Videos/R109606A/still.jpg,https://mycertdiamvids.com/Videos/R109606A/R109606A.html,https://www.igi.org/viewpdf.php?r=594323332,,,,,,,,,,,,,,G
0.995685005,IGI,3.08,,,,Excellent,369.6,,None,,FALSE,TRUE,Round,E,None,VS2,Do not have different prices for Memo and COD,,California,,36.4,5.77,Excellent,Excellent,,,,,Los Angeles,yes,,,N,,,,,,40.3,,Medium,1,62.4,,,,,,,16.5,56,,42.5,9.23,LG594337135,,9.27,,None,,,This Laboratory Grown Diamond was created by Chemical Vapor Deposition (CVD) growth process and may,United States,,,,,,,,27,,,,,,,,,81620,,,,,,,,,,,,,,,,,26500,DLB0059,,,Round 3.08ct E VS2,,CVD,,,120,,https://mycertdiamvids.com/Videos/R115504A/still.jpg,https://mycertdiamvids.com/Videos/R115504A/R115504A.html,https://www.igi.org/viewpdf.php?r=594337135,,,,,,,,,,,,,,G
0.995780591,IGI,3.06,,,,Ideal,382.5,,None,Slightly Thick,FALSE,TRUE,Round,F,None,VS1,Do not have different prices for Memo and COD,,California,,33.2,5.53,Excellent,Excellent,,,,,Los Angeles,yes,,,N,,,,,,40.1,,Medium,1,58.5,,,,,,,13,60,,42,9.44,LG594345286,,9.48,,None,,,This Laboratory Grown Diamond was created by Chemical Vapor Deposition (CVD) growth process and may,United States,,,,,,,,30,,,,,,,,,90270,,,,,,,,,,,,,,,,,29500,DLB0066,,,Round 3.06ct F VS1,,CVD,,,125,,https://mycertdiamvids.com/Videos/R116732A/still.jpg,https://mycertdiamvids.com/Videos/R116732A/R116732A.html,https://www.igi.org/viewpdf.php?r=594345286,,,,,,,,,,,,,,G
0.99577167,IGI,3.02,,,,Excellent,377.5,,None,,FALSE,TRUE,Round,F,None,VS2,Do not have different prices for Memo and COD,,California,,32.8,5.53,Excellent,Excellent,,,,,Los Angeles,yes,,,N,,,,,,40.6,,Medium,1,58.5,,,,,,,12.5,61,,43,9.42,LG594320223,,9.46,,None,,,This Laboratory Grown Diamond was created by Chemical Vapor Deposition (CVD) growth process and may,United States,,,,,,,,27,,,,,,,,,73990,,,,,,,,,,,,,,,,,24500,DLB0076,,,Round 3.02ct F VS2,,CVD,,,125,,https://mycertdiamvids.com/Videos/R114462A/still.jpg,https://mycertdiamvids.com/Videos/R114462A/R114462A.html,https://www.igi.org/viewpdf.php?r=594320223,,,,,,,,,,,,,,G
0.994663821,IGI,3.01,,,,Excellent,301,,None,,FALSE,TRUE,Round,E,None,SI1,Do not have different prices for Memo and COD,,California,,34.3,5.55,Excellent,Excellent,,,,,Los Angeles,yes,,,N,,,,,,40.5,,Medium,1,59.4,,,,,,,13.5,61,,42.5,9.32,LG594323335,,9.37,,None,,,This Laboratory Grown Diamond was created by Chemical Vapor Deposition (CVD) growth process and may,United States,,,,,,,,21,,,,,,,,,63210,,,,,,,,,,,,,,,,,21000,DLB0079,,,Round 3.01ct E SI1,,CVD,,,100,,https://mycertdiamvids.com/Videos/R113532A/still.jpg,https://mycertdiamvids.com/Videos/R113532A/R113532A.html,https://www.igi.org/viewpdf.php?r=594323335,,,,,,,,,,,,,,G
0.993946731,IGI,2.14,,,,Excellent,214,,None,,FALSE,TRUE,Round,F,None,SI1,Do not have different prices for Memo and COD,,California,,35.2,5.06,Excellent,Excellent,,,,,Los Angeles,yes,,,N,,,,,,41.2,,Medium,1,61.4,,,,,,,13.5,61,,43.5,8.21,LG596317704,,8.26,,None,,,This Laboratory Grown Diamond was created by Chemical Vapor Deposition (CVD) growth process and may,United States,,,,,,,,21,,,,,,,,,26322,,,,,,,,,,,,,,,,,12300,DLB00100,,,Round 2.14ct F SI1,,CVD,,,100,,https://mycertdiamvids.com/Videos/R111122B/still.jpg,https://mycertdiamvids.com/Videos/R111122B/R111122B.html,https://s3.amazonaws.com/illuminex-media/uploads/diamond/igi_cert/LG596317704.pdf,,,,,,,,,,,,,,G
1.031182796,IGI,5.15,,,,,901.25,,None,,FALSE,TRUE,Princess,E,None,VS1,Do not have different prices for Memo and COD,,California,,39.1,6.52,Excellent,Excellent,,,,,Los Angeles,yes,,,N,,,,,,37.7,,Slightly Thick,1,70.1,,,,,,,10,69,,55.5,9.59,LG593373788,,9.3,,None,,,This Laboratory Grown Diamond was created by Chemical Vapor Deposition (CVD) growth process and may,United States,,,,,,,,30,,,,,,,,,270375,,,,,,,,,,,,,,,,,52500,DLB00141,,,Princess 5.15ct E VS1,,CVD,,,175,,https://mycertdiamvids.com/Videos/R114511A/still.jpg,https://mycertdiamvids.com/Videos/R114511A/R114511A.html,https://www.igi.org/viewpdf.php?r=593373788,,,,,,,,,,,,,,G
1.001194743,IGI,4.08,,,,,714,,None,Slightly Thick,FALSE,TRUE,Princess,F,None,VS1,Do not have different prices for Memo and COD,,California,,47,6.31,Excellent,Excellent,,,,,Los Angeles,yes,,,N,,,,,,38.2,,Medium,1,75.4,,,,,,,15,68,,56.5,8.38,LG593311543,,8.37,,None,,,This Laboratory Grown Diamond was created by Chemical Vapor Deposition (CVD) growth process and may,United States,,,,,,,,30,,,,,,,,,140760,,,,,,,,,,,,,,,,,34500,DLB00144,,,Princess 4.08ct F VS1,,CVD,,,175,,https://mycertdiamvids.com/Videos/R119767A/still.jpg,https://mycertdiamvids.com/Videos/R119767A/R119767A.html,https://s3.amazonaws.com/illuminex-media/uploads/diamond/igi_cert/LG593311543.pdf,,,,,,,,,,,,,,G
1.391812865,IGI,3.01,,,,,451.5,,None,,FALSE,TRUE,Emerald,G,None,VS1,Do not have different prices for Memo and COD,,California,,43.8,4.6,Excellent,Excellent,,,,,Los Angeles,yes,,,L,,,,,,41.3,,Slightly Thick,1,67.3,,,,,,,16,65,,46,9.52,LG594320219,,6.84,,None,,,This Laboratory Grown Diamond was created by Chemical Vapor Deposition (CVD) growth process and may,United States,,,,,,,,30,,,,,,,,,67725,,,,,,,,,,,,,,,,,22500,DLB00201,,,Emerald 3.01ct G VS1,,CVD,,,150,,https://mycertdiamvids.com/Videos/R110901A/still.jpg,https://mycertdiamvids.com/Videos/R110901A/R110901A.html,https://s3.amazonaws.com/illuminex-media/uploads/diamond/igi_cert/LG594320219.pdf,,,,,,,,,,,,,,G
1.001191895,IGI,4.03,,,,,604.5,,None,,FALSE,TRUE,Asscher,F,None,VS2,Do not have different prices for Memo and COD,,California,,35.6,5.84,Excellent,Excellent,,,,,Los Angeles,yes,,,N,,,,,,43.3,,Thick,1,69.6,,,,,,,17,59,,47,8.4,LG594323343,,8.39,,None,,,This Laboratory Grown Diamond was created by Chemical Vapor Deposition (CVD) growth process and may,United States,,,,,,,,27,,,,,,,,,126945,,,,,,,,,,,,,,,,,31500,DLB00192,,,Asscher 4.03ct F VS2,,CVD,,,150,,https://mycertdiamvids.com/Videos/R115684A/still.jpg,https://mycertdiamvids.com/Videos/R115684A/R115684A.html,https://s3.amazonaws.com/illuminex-media/uploads/diamond/igi_cert/LG594323343.pdf,,,,,,,,,,,,,,G
1.047505938,IGI,4.03,,,,,604.5,,None,Slightly Thick,FALSE,TRUE,Asscher,E,None,VS1,Do not have different prices for Memo and COD,,California,,38.8,5.69,Excellent,Excellent,,,,,Los Angeles,yes,,,L,,,,,,39.6,,Medium,1,67.6,,,,,,,16.5,63,,46.5,8.82,LG594331785,,8.42,,None,,,This Laboratory Grown Diamond was created by Chemical Vapor Deposition (CVD) growth process and may,United States,,,,,,,,30,,,,,,,,,151125,,,,,,,,,,,,,,,,,37500,DLB00193,,,Asscher 4.03ct E VS1,,CVD,,,150,,https://mycertdiamvids.com/Videos/R114506A/still.jpg,https://mycertdiamvids.com/Videos/R114506A/R114506A.html,https://s3.amazonaws.com/illuminex-media/uploads/diamond/igi_cert/LG594331785.pdf,,,,,,,,,,,,,,G
1.508972268,IGI,2.13,,,,,234.3,,None,,FALSE,TRUE,Radiant,E,None,VS2,Do not have different prices for Memo and COD,,California,,43.9,4.21,Excellent,Excellent,,,,,Los Angeles,yes,,,N,,,,,,31.7,,Slightly Thick,1,68.7,,,,,,,15,65,,49,9.25,LG594331762,,6.13,,None,,,This Laboratory Grown Diamond was created by Chemical Vapor Deposition (CVD) growth process and may,United States,,,,,,,,27,,,,,,,,,31950,,,,,,,,,,,,,,,,,15000,DLB00222,,,Radiant 2.13ct E VS2,,CVD,,,110,,https://mycertdiamvids.com/Videos/R115922A/still.jpg,https://mycertdiamvids.com/Videos/R115922A/R115922A.html,https://www.igi.org/viewpdf.php?r=594331762,,,,,,,,,,,,,,G
1.447949527,IGI,2.07,,,,,227.7,,None,Slightly Thick,FALSE,TRUE,Radiant,F,None,VS1,Do not have different prices for Memo and COD,,California,,44.4,4.17,Excellent,Excellent,,,,,Los Angeles,yes,,,N,,,,,,32.5,,Medium,1,65.8,,,,,,,13,64,,49,9.18,LG596308565,,6.34,,None,,,This Laboratory Grown Diamond was created by Chemical Vapor Deposition (CVD) growth process and may,United States,,,,,,,,30,,,,,,,,,31050,,,,,,,,,,,,,,,,,15000,DLB00224,,,Radiant 2.07ct F VS1,,CVD,,,110,,https://mycertdiamvids.com/Videos/R113042A/still.jpg,https://mycertdiamvids.com/Videos/R113042A/R113042A.html,https://www.igi.org/viewpdf.php?r=596308565,,,,,,,,,,,,,,G
0.995169082,IGI,4.32,,,,Excellent,453.6,,None,Slightly Thick,FALSE,TRUE,Round,H,None,VS1,Do not have different prices for Memo and COD,,California,,36.6,6.46,Excellent,Excellent,,,,,Los Angeles,yes,,,N,,,,,,40.8,,Medium,1,62.6,,,,,,,16,58,,43,10.3,LG596319349,,10.35,,None,,,This Laboratory Grown Diamond was created by Chemical Vapor Deposition (CVD) growth process and may,United States,,,,,,,,30,,,,,,,,,127440,,,,,,,,,,,,,,,,,29500,DLB00245,,,Round 4.32ct H VS1,,CVD,,,105,,https://mycertdiamvids.com/Videos/R118091A/still.jpg,https://mycertdiamvids.com/Videos/R118091A/R118091A.html,https://www.igi.org/viewpdf.php?r=596319349,,,,,,,,,,,,,,G
0.995107632,IGI,4.13,,,,Excellent,495.6,,None,Slightly Thick,FALSE,TRUE,Round,F,None,VS2,Do not have different prices for Memo and COD,,California,,36.5,6.36,Excellent,Excellent,,,,,Los Angeles,yes,,,N,,,,,,41.2,,Medium,1,62.3,,,,,,,15,59,,43.5,10.17,LG596317697,,10.22,,None,,,This Laboratory Grown Diamond was created by Chemical Vapor Deposition (CVD) growth process and may,United States,,,,,,,,27,,,,,,,,,146615,,,,,,,,,,,,,,,,,35500,DLB00246,,,Round 4.13ct F VS2,,CVD,,,120,,https://mycertdiamvids.com/Videos/R113524A/still.jpg,https://mycertdiamvids.com/Videos/R113524A/R113524A.html,https://www.igi.org/viewpdf.php?r=596317697,,,,,,,,,,,,,,G
0.996066863,IGI,4.12,,,,Excellent,494.4,,None,Slightly Thick,FALSE,TRUE,Round,E,None,VS2,Do not have different prices for Memo and COD,,California,,36.7,6.33,Excellent,Excellent,,,,,Los Angeles,yes,,,N,,,,,,40.2,,Medium,1,62.3,,,,,,,16,57,,42,10.13,LG596319352,,10.17,,None,,,This Laboratory Grown Diamond was created by Chemical Vapor Deposition (CVD) growth process and may,United States,,,,,,,,27,,,,,,,,,160680,,,,,,,,,,,,,,,,,39000,DLB00247,,,Round 4.12ct E VS2,,CVD,,,120,,https://mycertdiamvids.com/Videos/R112870A/still.jpg,https://mycertdiamvids.com/Videos/R112870A/R112870A.html,https://www.igi.org/viewpdf.php?r=596319352,,,,,,,,,,,,,,G
0.996070727,IGI,4.08,,,,Excellent,489.6,,None,,FALSE,TRUE,Round,F,None,VS2,Do not have different prices for Memo and COD,,California,,36.3,6.32,Excellent,Excellent,,,,,Los Angeles,yes,,,N,,,,,,40.2,,Medium,1,62.2,,,,,,,16,56,,42,10.14,LG596308671,,10.18,,None,,,This Laboratory Grown Diamond was created by Chemical Vapor Deposition (CVD) growth process and may,United States,,,,,,,,27,,,,,,,,,144840,,,,,,,,,,,,,,,,,35500,DLB00248,,,Round 4.08ct F VS2,,CVD,,,120,,https://mycertdiamvids.com/Videos/R113523A/still.jpg,https://mycertdiamvids.com/Videos/R113523A/R113523A.html,https://www.igi.org/viewpdf.php?r=596308671,,,,,,,,,,,,,,G
0.995169082,IGI,4.06,,,,Excellent,487.2,,None,,FALSE,TRUE,Round,F,None,VS2,Do not have different prices for Memo and COD,,California,,32.4,6.18,Excellent,Excellent,,,,,Los Angeles,yes,,,N,,,,,,40.4,,Medium,1,59.8,,,,,,,13.5,57,,42.5,10.3,LG594337133,,10.35,,None,,,This Laboratory Grown Diamond was created by Chemical Vapor Deposition (CVD) growth process and may,United States,,,,,,,,27,,,,,,,,,144130,,,,,,,,,,,,,,,,,35500,DLB00249,,,Round 4.06ct F VS2,,CVD,,,120,,https://mycertdiamvids.com/Videos/R114153A/still.jpg,https://mycertdiamvids.com/Videos/R114153A/R114153A.html,https://www.igi.org/viewpdf.php?r=594337133,,,,,,,,,,,,,,G
0.994146341,IGI,4.05,,,,Excellent,486,,None,,FALSE,TRUE,Round,F,None,VS2,Do not have different prices for Memo and COD,,California,,34.7,6.25,Excellent,Excellent,,,,,Los Angeles,yes,,,N,,,,,,41.5,,Medium,1,61.1,,,,,,,13.5,61,,44,10.19,LG594337134,,10.25,,None,,,This Laboratory Grown Diamond was created by Chemical Vapor Deposition (CVD) growth process and may,United States,,,,,,,,27,,,,,,,,,143775,,,,,,,,,,,,,,,,,35500,DLB00250,,,Round 4.05ct F VS2,,CVD,,,120,,https://mycertdiamvids.com/Videos/R112842A/still.jpg,https://mycertdiamvids.com/Videos/R112842A/R112842A.html,https://www.igi.org/viewpdf.php?r=594337134,,,,,,,,,,,,,,G
0.993137255,IGI,4.01,,,,Ideal,481.2,,None,Slightly Thick,FALSE,TRUE,Round,F,None,VS2,Do not have different prices for Memo and COD,,California,,36,6.14,Excellent,Excellent,,,,,Los Angeles,yes,,,N,,,,,,40.1,,Medium,1,60.3,,,,,,,14.5,60,,42,10.13,LG595374140,,10.2,,None,,,This Laboratory Grown Diamond was created by Chemical Vapor Deposition (CVD) growth process and may,United States,,,,,,,,27,,,,,,,,,142355,,,,,,,,,,,,,,,,,35500,DLB00253,,,Round 4.01ct F VS2,,CVD,,,120,,https://mycertdiamvids.com/Videos/R115923A/still.jpg,https://mycertdiamvids.com/Videos/R115923A/R115923A.html,https://www.igi.org/viewpdf.php?r=595374140,,,,,,,,,,,,,,G
0.994111874,IGI,4.01,,,,Excellent,401,,None,,FALSE,TRUE,Round,F,None,SI1,Do not have different prices for Memo and COD,,California,,35.6,6.21,Excellent,Excellent,,,,,Los Angeles,yes,,,N,,,,,,41.2,,Medium,1,61.1,,,,,,,13.5,62,,43.5,10.13,LG596312963,,10.19,,None,,,This Laboratory Grown Diamond was created by Chemical Vapor Deposition (CVD) growth process and may,United States,,,,,,,,21,,,,,,,,,110275,,,,,,,,,,,,,,,,,27500,DLB00254,,,Round 4.01ct F SI1,,CVD,,,100,,https://mycertdiamvids.com/Videos/R114466A/still.jpg,https://mycertdiamvids.com/Videos/R114466A/R114466A.html,https://www.igi.org/viewpdf.php?r=596312963,,,,,,,,,,,,,,G
0.993217054,IGI,4,,,,Ideal,400,,None,Medium,FALSE,TRUE,Round,F,None,VS2,Do not have different prices for Memo and COD,,California,,34.9,6.1,Excellent,Excellent,,,,,Los Angeles,yes,,,N,,,,,,40.2,,Thin,1,59.3,,,,,,,14,60,,42,10.25,LG597370917,,10.32,,None,,,This Laboratory Grown Diamond was created by Chemical Vapor Deposition (CVD) growth process and may,United States,,,,,,,,27,,,,,,,,,142000,,,,,,,,,,,,,,,,,35500,DLB00255,,,Round 4.00ct F VS2,,CVD,,,100,,https://mycertdiamvids.com/Videos/R113543A/still.jpg,https://mycertdiamvids.com/Videos/R113543A/R113543A.html,https://www.igi.org/viewpdf.php?r=597370917,,,,,,,,,,,,,,G
0.992156863,IGI,4,,,,Excellent,500,,None,,FALSE,TRUE,Round,E,None,VS1,Do not have different prices for Memo and COD,,California,,36.4,6.17,Excellent,Excellent,,,,,Los Angeles,yes,,,N,,,,,,40.1,,Medium,1,60.7,,,,,,,15.5,58,,42,10.12,LG597370913,,10.2,,None,,,This Laboratory Grown Diamond was created by Chemical Vapor Deposition (CVD) growth process and may,United States,,,,,,,,30,,,,,,,,,180000,,,,,,,,,,,,,,,,,45000,DLB00256,,,Round 4.00ct E VS1,,CVD,,,125,,https://mycertdiamvids.com/Videos/R117752A/still.jpg,https://mycertdiamvids.com/Videos/R117752A/R117752A.html,https://www.igi.org/viewpdf.php?r=597370913,,,,,,,,,,,,,,G
0.995049505,IGI,4,,,,Excellent,460,,None,,FALSE,TRUE,Round,F,None,VS2,Do not have different prices for Memo and COD,,California,,36.7,6.34,Excellent,Excellent,,,,,Los Angeles,yes,,,N,,,,,,40.7,,Medium,1,62.9,,,,,,,16.5,56,,43,10.05,LG597370925,,10.1,,None,,,This Laboratory Grown Diamond was created by Chemical Vapor Deposition (CVD) growth process and may,United States,,,,,,,,27,,,,,,,,,142000,,,,,,,,,,,,,,,,,35500,DLB00259,,,Round 4.00ct F VS2,,CVD,,,115,,https://mycertdiamvids.com/Videos/R118127A/still.jpg,https://mycertdiamvids.com/Videos/R118127A/R118127A.html,https://www.igi.org/viewpdf.php?r=597370925,,,,,,,,,,,,,,G
0.995054402,IGI,4,,,,Excellent,460,,None,,FALSE,TRUE,Round,E,None,VS2,Do not have different prices for Memo and COD,,California,,36.5,6.41,Excellent,Excellent,,,,,Los Angeles,yes,,,N,,,,,,41.4,,Medium,1,63.6,,,,,,,16.5,56,,44,10.06,LG597377202,,10.11,,None,,,This Laboratory Grown Diamond was created by Chemical Vapor Deposition (CVD) growth process and may,United States,,,,,,,,27,,,,,,,,,156000,,,,,,,,,,,,,,,,,39000,DLB00260,,,Round 4.00ct E VS2,,CVD,,,115,,https://mycertdiamvids.com/Videos/R104602A/still.jpg,https://mycertdiamvids.com/Videos/R104602A/R104602A.html,https://www.igi.org/viewpdf.php?r=597377202,,,,,,,,,,,,,,G
0.987103175,IGI,4,,,,Excellent,460,,None,Slightly Thick,FALSE,TRUE,Round,F,None,VS1,Do not have different prices for Memo and COD,,California,,36.5,6.27,Excellent,Very Good,,,,,Los Angeles,yes,,,N,,,,,,40.3,,Medium,1,62.5,,,,,,,16,57,,42.5,9.95,LG596317694,,10.08,,None,,,This Laboratory Grown Diamond was created by Chemical Vapor Deposition (CVD) growth process and may,United States,,,,,,,,30,,,,,,,,,164000,,,,,,,,,,,,,,,,,41000,DLB00261,,,Round 4.00ct F VS1,,CVD,,,115,,https://mycertdiamvids.com/Videos/R114533A/still.jpg,https://mycertdiamvids.com/Videos/R114533A/R114533A.html,https://www.igi.org/viewpdf.php?r=596317694,,,,,,,,,,,,,,G
0.995004995,IGI,3.62,,,,Excellent,470.6,,None,,FALSE,TRUE,Round,E,None,VS1,Do not have different prices for Memo and COD,,California,,32.8,5.83,Excellent,Excellent,,,,,Los Angeles,yes,,,N,,,,,,40.3,,Medium,1,58.3,,,,,,,12,62,,42.5,9.96,LG596337793,,10.01,,None,,,This Laboratory Grown Diamond was created by Chemical Vapor Deposition (CVD) growth process and may,United States,,,,,,,,30,,,,,,,,,115840,,,,,,,,,,,,,,,,,32000,DLB00265,,,Round 3.62ct E VS1,,CVD,,,130,,https://mycertdiamvids.com/Videos/R116620A/still.jpg,https://mycertdiamvids.com/Videos/R116620A/R116620A.html,https://www.igi.org/viewpdf.php?r=596337793,,,,,,,,,,,,,,G
0.994861254,IGI,3.54,,,,Excellent,407.1,,None,,FALSE,TRUE,Round,F,None,VS2,Do not have different prices for Memo and COD,,California,,36.4,6.03,Excellent,Excellent,,,,,Los Angeles,yes,,,N,,,,,,40.3,,Medium,1,62.1,,,,,,,16,57,,42.5,9.68,LG594345289,,9.73,,None,,,This Laboratory Grown Diamond was created by Chemical Vapor Deposition (CVD) growth process and may,United States,,,,,,,,27,,,,,,,,,86730,,,,,,,,,,,,,,,,,24500,DLB00266,,,Round 3.54ct F VS2,,CVD,,,115,,https://mycertdiamvids.com/Videos/R115403A/still.jpg,https://mycertdiamvids.com/Videos/R115403A/R115403A.html,https://www.igi.org/viewpdf.php?r=594345289,,,,,,,,,,,,,,G
0.995876289,IGI,3.53,,,,Excellent,405.95,,None,Slightly Thick,FALSE,TRUE,Round,E,None,VS2,Do not have different prices for Memo and COD,,California,,36.3,5.99,Excellent,Excellent,,,,,Los Angeles,yes,,,N,,,,,,40.3,,Medium,1,61.8,,,,,,,15.5,58,,42.5,9.66,LG594337136,,9.7,,None,,,This Laboratory Grown Diamond was created by Chemical Vapor Deposition (CVD) growth process and may,United States,,,,,,,,27,,,,,,,,,93545,,,,,,,,,,,,,,,,,26500,DLB00267,,,Round 3.53ct E VS2,,CVD,,,115,,https://mycertdiamvids.com/Videos/R117549A/still.jpg,https://mycertdiamvids.com/Videos/R117549A/R117549A.html,https://www.igi.org/viewpdf.php?r=594337136,,,,,,,,,,,,,,G
0.997931748,IGI,3.51,,,,Excellent,473.85,,None,Slightly Thick,FALSE,TRUE,Round,D,None,VS2,Do not have different prices for Memo and COD,,California,,36.7,6.04,Excellent,Excellent,,,,,Los Angeles,yes,,,N,,,,,,40.4,,Medium,1,62.5,,,,,,,16.5,56,,42.5,9.65,LG597356150,,9.67,,None,,,This Laboratory Grown Diamond was created by Chemical Vapor Deposition (CVD) growth process and may,United States,,,,,,,,27,,,,,,,,,103545,,,,,,,,,,,,,,,,,29500,DLB00269,,,Round 3.51ct D VS2,,CVD,,,135,,https://mycertdiamvids.com/Videos/R114469A/still.jpg,https://mycertdiamvids.com/Videos/R114469A/R114469A.html,https://www.igi.org/viewpdf.php?r=597356150,,,,,,,,,,,,,,G
0.99475891,IGI,3.46,,,,Excellent,432.5,,None,,FALSE,TRUE,Round,F,None,VS1,Do not have different prices for Memo and COD,,California,,36.7,6,Excellent,Excellent,,,,,Los Angeles,yes,,,N,,,,,,40.3,,Slightly Thick,1,63,,,,,,,16.5,56,,42,9.49,LG596312967,,9.54,,None,,,This Laboratory Grown Diamond was created by Chemical Vapor Deposition (CVD) growth process and may,United States,,,,,,,,30,,,,,,,,,102070,,,,,,,,,,,,,,,,,29500,DLB00276,,,Round 3.46ct F VS1,,CVD,,,125,,https://mycertdiamvids.com/Videos/R116014A/still.jpg,https://mycertdiamvids.com/Videos/R116014A/R116014A.html,https://www.igi.org/viewpdf.php?r=596312967,,,,,,,,,,,,,,G
0.991516437,IGI,3.21,,,,Excellent,321,,None,Slightly Thick,FALSE,TRUE,Round,E,None,SI1,Do not have different prices for Memo and COD,,California,,35,5.84,Excellent,Excellent,,,,,Los Angeles,yes,,,N,,,,,,41.2,,Medium,1,62.3,,,,,,,14.5,59,,43.5,9.35,LG594345290,,9.43,,None,,,This Laboratory Grown Diamond was created by Chemical Vapor Deposition (CVD) growth process and may,United States,,,,,,,,21,,,,,,,,,67410,,,,,,,,,,,,,,,,,21000,DLB00279,,,Round 3.21ct E SI1,,CVD,,,100,,https://mycertdiamvids.com/Videos/R117307A/still.jpg,https://mycertdiamvids.com/Videos/R117307A/R117307A.html,https://www.igi.org/viewpdf.php?r=594345290,,,,,,,,,,,,,,G
0.993650794,IGI,3.21,,,,Ideal,369.15,,None,,FALSE,TRUE,Round,F,None,VS1,Do not have different prices for Memo and COD,,California,,36.1,5.82,Excellent,Excellent,,,,,Los Angeles,yes,,,N,,,,,,40.4,,Medium,1,61.8,,,,,,,16,56,,42.5,9.39,LG596317679,,9.45,,None,,,This Laboratory Grown Diamond was created by Chemical Vapor Deposition (CVD) growth process and may,United States,,,,,,,,30,,,,,,,,,94695,,,,,,,,,,,,,,,,,29500,DLB00280,,,Round 3.21ct F VS1,,CVD,,,115,,https://mycertdiamvids.com/Videos/R115048A/still.jpg,https://mycertdiamvids.com/Videos/R115048A/R115048A.html,https://www.igi.org/viewpdf.php?r=596317679,,,,,,,,,,,,,,G
0.995694295,IGI,3.1,,,,Excellent,325.5,,None,,FALSE,TRUE,Round,F,None,VS2,Do not have different prices for Memo and COD,,California,,36,5.83,Excellent,Excellent,,,,,Los Angeles,yes,,,N,,,,,,41.6,,Medium,1,62.9,,,,,,,15,59,,44.5,9.25,LG596308662,,9.29,,None,,,This Laboratory Grown Diamond was created by Chemical Vapor Deposition (CVD) growth process and may,United States,,,,,,,,27,,,,,,,,,75950,,,,,,,,,,,,,,,,,24500,DLB00287,,,Round 3.10ct F VS2,,CVD,,,105,,https://mycertdiamvids.com/Videos/R109439A/still.jpg,https://mycertdiamvids.com/Videos/R109439A/R109439A.html,https://www.igi.org/viewpdf.php?r=596308662,,,,,,,,,,,,,,G
0.994600432,IGI,3.07,,,,Excellent,322.35,,None,,FALSE,TRUE,Round,F,None,VS2,Do not have different prices for Memo and COD,,California,,36.4,5.76,Excellent,Excellent,,,,,Los Angeles,yes,,,N,,,,,,40.3,,Medium,1,62.4,,,,,,,16,56,,42.5,9.21,LG593311547,,9.26,,None,,,This Laboratory Grown Diamond was created by Chemical Vapor Deposition (CVD) growth process and may,United States,,,,,,,,27,,,,,,,,,75215,,,,,,,,,,,,,,,,,24500,DLB00290,,,Round 3.07ct F VS2,,CVD,,,105,,https://mycertdiamvids.com/Videos/R107121A/still.jpg,https://mycertdiamvids.com/Videos/R107121A/R107121A.html,https://www.igi.org/viewpdf.php?r=593311547,,,,,,,,,,,,,,G
0.994582882,IGI,3.06,,,,Excellent,367.2,,None,Slightly Thick,FALSE,TRUE,Round,E,None,VS2,Do not have different prices for Memo and COD,,California,,36.5,5.8,Excellent,Excellent,,,,,Los Angeles,yes,,,N,,,,,,41,,Medium,1,63,,,,,,,16,57,,43.5,9.18,LG597356145,,9.23,,None,,,This Laboratory Grown Diamond was created by Chemical Vapor Deposition (CVD) growth process and may,United States,,,,,,,,27,,,,,,,,,81090,,,,,,,,,,,,,,,,,26500,DLB00291,,,Round 3.06ct E VS2,,CVD,,,120,,https://mycertdiamvids.com/Videos/R118179A/still.jpg,https://mycertdiamvids.com/Videos/R118179A/R118179A.html,https://www.igi.org/viewpdf.php?r=597356145,,,,,,,,,,,,,,G
0.992416035,IGI,3.03,,,,Ideal,363.6,,None,Slightly Thick,FALSE,TRUE,Round,F,None,VS1,Do not have different prices for Memo and COD,,California,,35.3,5.75,Excellent,Excellent,,,,,Los Angeles,yes,,,N,,,,,,41.2,,Medium,1,62.5,,,,,,,15,58,,43.5,9.16,LG596337791,,9.23,,None,,,This Laboratory Grown Diamond was created by Chemical Vapor Deposition (CVD) growth process and may,United States,,,,,,,,30,,,,,,,,,89385,,,,,,,,,,,,,,,,,29500,DLB00295,,,Round 3.03ct F VS1,,CVD,,,120,,https://mycertdiamvids.com/Videos/R116229A/still.jpg,https://mycertdiamvids.com/Videos/R116229A/R116229A.html,https://www.igi.org/viewpdf.php?r=596337791,,,,,,,,,,,,,,G
0.993664203,IGI,3.01,,,,Excellent,346.15,,None,,FALSE,TRUE,Round,F,None,VS2,Do not have different prices for Memo and COD,,California,,32.7,5.52,Excellent,Excellent,,,,,Los Angeles,yes,,,N,,,,,,40.1,,Medium,1,58.4,,,,,,,13,59,,42,9.41,LG596308681,,9.47,,None,,,This Laboratory Grown Diamond was created by Chemical Vapor Deposition (CVD) growth process and may,United States,,,,,,,,27,,,,,,,,,73745,,,,,,,,,,,,,,,,,24500,DLB00304,,,Round 3.01ct F VS2,,CVD,,,115,,https://mycertdiamvids.com/Videos/R115849A/still.jpg,https://mycertdiamvids.com/Videos/R115849A/R115849A.html,https://www.igi.org/viewpdf.php?r=596308681,,,,,,,,,,,,,,G
0.992569002,IGI,3,,,,Ideal,420,,None,Medium,FALSE,TRUE,Round,E,None,SI1,Do not have different prices for Memo and COD,,California,,33,5.58,Excellent,Excellent,,,,,Los Angeles,yes,,,N,,,,,,40.2,,Thin,1,59.4,,,,,,,14.5,56,,42,9.35,LG597370919,,9.42,,None,,,This Laboratory Grown Diamond was created by Chemical Vapor Deposition (CVD) growth process and may,United States,,,,,,,,21,,,,,,,,,63000,,,,,,,,,,,,,,,,,21000,DLB00308,,,Round 3.00ct E SI1,,CVD,,,140,,https://mycertdiamvids.com/Videos/R114146A/still.jpg,https://mycertdiamvids.com/Videos/R114146A/R114146A.html,https://www.igi.org/viewpdf.php?r=597370919,,,,,,,,,,,,,,G
1.036488027,IGI,5.01,,,,,876.75,,None,,FALSE,TRUE,Princess,G,None,VS1,Do not have different prices for Memo and COD,,California,,47.6,6.5,Excellent,Excellent,,,,,Los Angeles,yes,,,N,,,,,,37,,Thick,1,74.1,,,,,,,12.5,71,,54.5,9.09,LG595367417,,8.77,,None,,,As Grown - No indication of post-growth treatment This Laboratory Grown Diamond was created by Chemi,United States,,,,,,,,30,,,,,,,,,212925,,,,,,,,,,,,,,,,,42500,DLB00331,,,Princess 5.01ct G VS1,,CVD,,,175,,https://mycertdiamvids.com/Videos/R118421A/still.jpg,https://mycertdiamvids.com/Videos/R118421A/R118421A.html,https://www.igi.org/viewpdf.php?r=595367417,,,,,,,,,,,,,,G
1.006142506,IGI,3.54,,,,,619.5,,None,,FALSE,TRUE,Princess,E,None,VS2,Do not have different prices for Memo and COD,,California,,38.3,5.87,Excellent,Excellent,,,,,Los Angeles,yes,,,N,,,,,,37.9,,Medium,1,72.1,,,,,,,13.5,64,,55.5,8.19,LG597356159,,8.14,,None,,,This Laboratory Grown Diamond was created by Chemical Vapor Deposition (CVD) growth process and may,United States,,,,,,,,27,,,,,,,,,86730,,,,,,,,,,,,,,,,,24500,DLB00332,,,Princess 3.54ct E VS2,,CVD,,,175,,https://mycertdiamvids.com/Videos/R119884A/still.jpg,https://mycertdiamvids.com/Videos/R119884A/R119884A.html,https://www.igi.org/viewpdf.php?r=597356159,,,,,,,,,,,,,,G
1.044213264,IGI,3.13,,,,,469.5,,None,,FALSE,TRUE,Princess,H,None,VS1,Do not have different prices for Memo and COD,,California,,42.8,5.74,Excellent,Excellent,,,,,Los Angeles,yes,,,N,,,,,,39,,Medium,1,74.6,,,,,,,13.5,66,,58,8.03,LG596308663,,7.69,,None,,,This Laboratory Grown Diamond was created by Chemical Vapor Deposition (CVD) growth process and may,United States,,,,,,,,30,,,,,,,,,61035,,,,,,,,,,,,,,,,,19500,DLB00334,,,Princess 3.13ct H VS1,,CVD,,,150,,https://mycertdiamvids.com/Videos/R114144A/still.jpg,https://mycertdiamvids.com/Videos/R114144A/R114144A.html,https://www.igi.org/viewpdf.php?r=596308663,,,,,,,,,,,,,,G
1.030176899,IGI,5.54,,,,,720.2,,None,Slightly Thick,FALSE,TRUE,Asscher,F,None,VS2,Do not have different prices for Memo and COD,,California,,,6.13,Excellent,Excellent,,,,,Los Angeles,yes,,,N,,,,,,,,Medium,1,63.8,,,,,,,,63,,,9.9,LG596308673,,9.61,,None,,,SQUARE EMERALD,United States,,,,,,,,27,,,,,,,,,238220,,,,,,,,,,,,,,,,,43000,DLB00363,,,Asscher 5.54ct F VS2,,CVD,,,130,,https://d2b64ylw8uvsx.cloudfront.net/R117869A/still.jpg,https://d2b64ylw8uvsx.cloudfront.net/R117869A/R117869A.html,https://s3.amazonaws.com/illuminex-media/uploads/diamond/igi_cert/LG596308673.pdf,,,,,,,,,,,,,,G
0.99809705,IGI,4.54,,,,Excellent,544.8,,None,Slightly Thick,FALSE,TRUE,Round,G,None,VS2,Do not have different prices for Memo and COD,,California,,,6.59,Excellent,Excellent,,,,,Los Angeles,yes,,,N,,,,,,,,Medium,1,62.8,,,,,,,,58,,,10.49,LG596337787,,10.51,,None,,,,United States,,,,,,,,27,,,,,,,,,143010,,,,,,,,,,,,,,,,,31500,DLB00365,,,Round 4.54ct G VS2,,CVD,,,120,,https://d2b64ylw8uvsx.cloudfront.net/R113399A/still.jpg,https://d2b64ylw8uvsx.cloudfront.net/R113399A/R113399A.html,https://www.igi.org/viewpdf.php?r=596337787,,,,,,,,,,,,,,G
0.996105161,IGI,4.21,,,,Excellent,505.2,,None,,FALSE,TRUE,Round,G,None,VS1,Do not have different prices for Memo and COD,,California,,,6.42,Excellent,Excellent,,,,,Los Angeles,yes,,,N,,,,,,,,Medium,1,62.6,,,,,,,,56,,,10.23,LG596343302,,10.27,,None,,,,United States,,,,,,,,30,,,,,,,,,151560,,,,,,,,,,,,,,,,,36000,DLB00367,,,Round 4.21ct G VS1,,CVD,,,120,,https://d2b64ylw8uvsx.cloudfront.net/R115502A/still.jpg,https://d2b64ylw8uvsx.cloudfront.net/R115502A/R115502A.html,https://www.igi.org/viewpdf.php?r=596343302,,,,,,,,,,,,,,G
0.995145631,IGI,4.14,,,,Ideal,538.2,,None,Slightly Thick,FALSE,TRUE,Round,G,None,VVS2,Do not have different prices for Memo and COD,,California,,,6.34,Excellent,Excellent,,,,,Los Angeles,yes,,,N,,,,,,,,Medium,1,61.7,,,,,,,,55,,,10.25,LG596343305,,10.3,,None,,,,United States,,,,,,,,35,,,,,,,,,163530,,,,,,,,,,,,,,,,,39500,DLB00368,,,Round 4.14ct G VVS2,,CVD,,,130,,https://d2b64ylw8uvsx.cloudfront.net/R117452A/still.jpg,https://d2b64ylw8uvsx.cloudfront.net/R117452A/R117452A.html,https://www.igi.org/viewpdf.php?r=596343305,,,,,,,,,,,,,,G
0.992149166,IGI,4.04,,,,Excellent,484.8,,None,Slightly Thick,FALSE,TRUE,Round,F,None,VS1,Do not have different prices for Memo and COD,,California,,,6.27,Excellent,Excellent,,,,,Los Angeles,yes,,,N,,,,,,,,Medium,1,61.8,,,,,,,,56,,,10.11,LG595367406,,10.19,,None,,,,United States,,,,,,,,30,,,,,,,,,165640,,,,,,,,,,,,,,,,,41000,DLB00369,,,Round 4.04ct F VS1,,CVD,,,120,,https://d2b64ylw8uvsx.cloudfront.net/R116133A/still.jpg,https://d2b64ylw8uvsx.cloudfront.net/R116133A/R116133A.html,https://s3.amazonaws.com/illuminex-media/uploads/diamond/igi_cert/LG595367406.pdf,,,,,,,,,,,,,,G
0.997044335,IGI,4.03,,,,Ideal,483.6,,None,,FALSE,TRUE,Round,F,None,VS2,Do not have different prices for Memo and COD,,California,,,6.32,Excellent,Excellent,,,,,Los Angeles,yes,,,N,,,,,,,,Medium,1,62.4,,,,,,,,58,,,10.12,LG596343300,,10.15,,None,,,,United States,,,,,,,,27,,,,,,,,,143065,,,,,,,,,,,,,,,,,35500,DLB00370,,,Round 4.03ct F VS2,,CVD,,,120,,https://d2b64ylw8uvsx.cloudfront.net/R116681A/still.jpg,https://d2b64ylw8uvsx.cloudfront.net/R116681A/R116681A.html,https://www.igi.org/viewpdf.php?r=596343300,,,,,,,,,,,,,,G
0.994071146,IGI,4.01,,,,Excellent,481.2,,None,,FALSE,TRUE,Round,F,None,VS2,Do not have different prices for Memo and COD,,California,,,6.34,Excellent,Excellent,,,,,Los Angeles,yes,,,N,,,,,,,,Medium,1,62.8,,,,,,,,56,,,10.06,LG594323340,,10.12,,None,,,,United States,,,,,,,,27,,,,,,,,,142355,,,,,,,,,,,,,,,,,35500,DLB00371,,,Round 4.01ct F VS2,,CVD,,,120,,https://d2b64ylw8uvsx.cloudfront.net/R117906A/still.jpg,https://d2b64ylw8uvsx.cloudfront.net/R117906A/R117906A.html,https://www.igi.org/viewpdf.php?r=594323340,,,,,,,,,,,,,,G
0.995069034,IGI,4,,,,Excellent,440,,None,Slightly Thick,FALSE,TRUE,Round,F,None,SI1,Do not have different prices for Memo and COD,,California,,,6.35,Excellent,Excellent,,,,,Los Angeles,yes,,,N,,,,,,,,Medium,1,62.8,,,,,,,,56,,,10.09,LG597377195,,10.14,,None,,,,United States,,,,,,,,21,,,,,,,,,110000,,,,,,,,,,,,,,,,,27500,DLB00372,,,Round 4.00ct F SI1,,CVD,,,110,,https://d2b64ylw8uvsx.cloudfront.net/R117661A/still.jpg,https://d2b64ylw8uvsx.cloudfront.net/R117661A/R117661A.html,https://www.igi.org/viewpdf.php?r=597377195,,,,,,,,,,,,,,G
0.99408284,IGI,4,,,,Excellent,500,,None,,FALSE,TRUE,Round,E,None,VS2,Do not have different prices for Memo and COD,,California,,,6.34,Excellent,Excellent,,,,,Los Angeles,yes,,,N,,,,,,,,Medium,1,62.6,,,,,,,,56,,,10.08,LG595367423,,10.14,,None,,,,United States,,,,,,,,27,,,,,,,,,156000,,,,,,,,,,,,,,,,,39000,DLB00373,,,Round 4.00ct E VS2,,CVD,,,125,,https://d2b64ylw8uvsx.cloudfront.net/R111118A/still.jpg,https://d2b64ylw8uvsx.cloudfront.net/R111118A/R111118A.html,https://www.igi.org/viewpdf.php?r=595367423,,,,,,,,,,,,,,G
0.994076999,IGI,4,,,,Excellent,480,,None,,FALSE,TRUE,Round,F,None,VS2,Do not have different prices for Memo and COD,,California,,,6.31,Excellent,Excellent,,,,,Los Angeles,yes,,,N,,,,,,,,Medium,1,62.5,,,,,,,,56,,,10.07,LG595367407,,10.13,,None,,,,United States,,,,,,,,27,,,,,,,,,142000,,,,,,,,,,,,,,,,,35500,DLB00374,,,Round 4.00ct F VS2,,CVD,,,120,,https://d2b64ylw8uvsx.cloudfront.net/R113554A/still.jpg,https://d2b64ylw8uvsx.cloudfront.net/R113554A/R113554A.html,https://s3.amazonaws.com/illuminex-media/uploads/diamond/igi_cert/LG595367407.pdf,,,,,,,,,,,,,,G
0.996059113,IGI,4,,,,Excellent,480,,None,,FALSE,TRUE,Round,F,None,VS2,Do not have different prices for Memo and COD,,California,,,6.26,Excellent,Very Good,,,,,Los Angeles,yes,,,N,,,,,,,,Medium,1,61.8,,,,,,,,56,,,10.11,LG597377203,,10.15,,None,,,,United States,,,,,,,,27,,,,,,,,,142000,,,,,,,,,,,,,,,,,35500,DLB00375,,,Round 4.00ct F VS2,,CVD,,,120,,https://d2b64ylw8uvsx.cloudfront.net/R109609A/still.jpg,https://d2b64ylw8uvsx.cloudfront.net/R109609A/R109609A.html,https://www.igi.org/viewpdf.php?r=597377203,,,,,,,,,,,,,,G
0.993069307,IGI,4,,,,Excellent,420,,None,Slightly Thick,FALSE,TRUE,Round,G,None,SI1,Do not have different prices for Memo and COD,,California,,,6.3,Very Good,Excellent,,,,,Los Angeles,yes,,,N,,,,,,,,Medium,1,62.6,,,,,,,,58,,,10.03,LG597370924,,10.1,,None,,,,United States,,,,,,,,21,,,,,,,,,98000,,,,,,,,,,,,,,,,,24500,DLB00376,,,Round 4.00ct G SI1,,CVD,,,105,,https://d2b64ylw8uvsx.cloudfront.net/R116761A/still.jpg,https://d2b64ylw8uvsx.cloudfront.net/R116761A/R116761A.html,https://www.igi.org/viewpdf.php?r=597370924,,,,,,,,,,,,,,G
0.99796748,IGI,3.63,,,,Excellent,435.6,,None,Medium,FALSE,TRUE,Round,E,None,VS2,Do not have different prices for Memo and COD,,California,,,6.9,Excellent,Excellent,,,,,Los Angeles,yes,,,N,,,,,,,,Thin,1,61.9,,,,,,,,56,,,9.82,LG598314423,,9.84,,None,,,,United States,,,,,,,,27,,,,,,,,,96195,,,,,,,,,,,,,,,,,26500,DLB00377,,,Round 3.63ct E VS2,,CVD,,,120,,https://d2b64ylw8uvsx.cloudfront.net/R113288A/still.jpg,https://d2b64ylw8uvsx.cloudfront.net/R113288A/R113288A.html,https://www.igi.org/viewpdf.php?r=598314423,,,,,,,,,,,,,,G
0.996975806,IGI,3.5,,,,Excellent,420,,None,Slightly Thick,FALSE,TRUE,Round,G,None,VVS2,Do not have different prices for Memo and COD,,California,,,5.77,Excellent,Excellent,,,,,Los Angeles,yes,,,N,,,,,,,,Medium,1,58.2,,,,,,,,63,,,9.89,LG595390465,,9.92,,None,,,,United States,,,,,,,,35,,,,,,,,,98000,,,,,,,,,,,,,,,,,28000,DLB00380,,,Round 3.50ct G VVS2,,CVD,,,120,,https://d2b64ylw8uvsx.cloudfront.net/R115842A/still.jpg,https://d2b64ylw8uvsx.cloudfront.net/R115842A/R115842A.html,https://www.igi.org/viewpdf.php?r=595390465,,,,,,,,,,,,,,G
0.996910402,IGI,3.5,,,,Excellent,420,,None,Slightly Thick,FALSE,TRUE,Round,G,None,VS1,Do not have different prices for Memo and COD,,California,,,6,Excellent,Excellent,,,,,Los Angeles,yes,,,N,,,,,,,,Medium,1,61.9,,,,,,,,56,,,9.68,LG596308670,,9.71,,None,,,,United States,,,,,,,,30,,,,,,,,,85750,,,,,,,,,,,,,,,,,24500,DLB00381,,,Round 3.50ct G VS1,,CVD,,,120,,https://d2b64ylw8uvsx.cloudfront.net/R114645A/still.jpg,https://d2b64ylw8uvsx.cloudfront.net/R114645A/R114645A.html,https://www.igi.org/viewpdf.php?r=596308670,,,,,,,,,,,,,,G
0.993795243,IGI,3.41,,,,Ideal,443.3,,None,,FALSE,TRUE,Round,E,None,VS1,Do not have different prices for Memo and COD,,California,,,5.95,Excellent,Excellent,,,,,Los Angeles,yes,,,N,,,,,,,,Medium,1,61.7,,,,,,,,60,,,9.61,LG596343303,,9.67,,None,,,,United States,,,,,,,,30,,,,,,,,,109120,,,,,,,,,,,,,,,,,32000,DLB00382,,,Round 3.41ct E VS1,,CVD,,,130,,https://d2b64ylw8uvsx.cloudfront.net/R116249A/still.jpg,https://d2b64ylw8uvsx.cloudfront.net/R116249A/R116249A.html,https://www.igi.org/viewpdf.php?r=596343303,,,,,,,,,,,,,,G
0.994840041,IGI,3.27,,,,Ideal,343.35,,None,,FALSE,TRUE,Round,F,None,SI1,Do not have different prices for Memo and COD,,California,,,5.75,Excellent,Excellent,,,,,Los Angeles,yes,,,N,,,,,,,,Medium,1,59.6,,,,,,,,59,,,9.64,LG597377194,,9.69,,None,,,,United States,,,,,,,,21,,,,,,,,,63765,,,,,,,,,,,,,,,,,19500,DLB00383,,,Round 3.27ct F SI1,,CVD,,,105,,https://d2b64ylw8uvsx.cloudfront.net/R116249A/still.jpg,https://d2b64ylw8uvsx.cloudfront.net/R116249A/still.jpg,https://www.igi.org/viewpdf.php?r=597377194,,,,,,,,,,,,,,G
0.99465812,IGI,3.1,,,,Ideal,341,,None,Slightly Thick,FALSE,TRUE,Round,H,None,VS1,Do not have different prices for Memo and COD,,California,,,5.67,Excellent,Excellent,,,,,Los Angeles,yes,,,N,,,,,,,,Medium,1,60.7,,,,,,,,60,,,9.31,LG595367411,,9.36,,None,,,,United States,,,,,,,,30,,,,,,,,,63550,,,,,,,,,,,,,,,,,20500,DLB00385,,,Round 3.10ct H VS1,,CVD,,,110,,https://d2b64ylw8uvsx.cloudfront.net/R110626A/still.jpg,https://d2b64ylw8uvsx.cloudfront.net/R110626A/R110626A.html,https://s3.amazonaws.com/illuminex-media/uploads/diamond/igi_cert/LG595367411.pdf,,,,,,,,,,,,,,G
0.993442623,IGI,3,,,,Excellent,345,,None,,FALSE,TRUE,Round,F,None,VS2,Do not have different prices for Memo and COD,,California,,,5.73,Excellent,Very Good,,,,,Los Angeles,yes,,,N,,,,,,,,Medium,1,62.8,,,,,,,,56,,,9.09,LG597370911,,9.15,,None,,,,United States,,,,,,,,27,,,,,,,,,73500,,,,,,,,,,,,,,,,,24500,DLB00392,,,Round 3.00ct F VS2,,CVD,,,115,,https://d2b64ylw8uvsx.cloudfront.net/R111517A/still.jpg,https://d2b64ylw8uvsx.cloudfront.net/R111517A/R111517A.html,https://www.igi.org/viewpdf.php?r=597370911,,,,,,,,,,,,,,G
0.997633136,IGI,2.24,,,,Excellent,280,,None,Slightly Thick,FALSE,TRUE,Round,E,None,VVS2,Do not have different prices for Memo and COD,,California,,,5.1,Excellent,Excellent,,,,,Los Angeles,yes,,,N,,,,,,,,Medium,1,60.5,,,,,,,,62,,,8.43,LG594323354,,8.45,,None,,,,United States,,,,,,,,35,,,,,,,,,47040,,,,,,,,,,,,,,,,,21000,DLB00395,,,Round 2.24ct E VVS2,,CVD,,,125,,https://d2b64ylw8uvsx.cloudfront.net/R116777A/still.jpg,https://d2b64ylw8uvsx.cloudfront.net/R116777A/R116777A.html,https://www.igi.org/viewpdf.php?r=594323354,,,,,,,,,,,,,,G
0.997593261,IGI,2.05,,,,Excellent,246,,None,Medium,FALSE,TRUE,Round,D,None,SI1,Do not have different prices for Memo and COD,,California,,,4.93,Excellent,Excellent,,,,,Los Angeles,yes,,,N,,,,,,,,Thin,1,59.4,,,,,,,,62,,,8.29,LG597370930,,8.31,,None,,,,United States,,,,,,,,21,,,,,,,,,28905,,,,,,,,,,,,,,,,,14100,DLB00397,,,Round 2.05ct D SI1,,CVD,,,120,,https://d2b64ylw8uvsx.cloudfront.net/R111507B/still.jpg,https://d2b64ylw8uvsx.cloudfront.net/R111507B/R111507B.html,https://www.igi.org/viewpdf.php?r=597370930,,,,,,,,,,,,,,G
1.04375,IGI,3.51,,,,,596.7,,None,,FALSE,TRUE,Princess,E,None,VS2,Do not have different prices for Memo and COD,,California,,,5.7,Excellent,Excellent,,,,,Los Angeles,yes,,,N,,,,,,,,Slightly Thick,1,71.3,,,,,,,,68,,,8.35,LG597356143,,8,,None,,,,United States,,,,,,,,27,,,,,,,,,85995,,,,,,,,,,,,,,,,,24500,DLB00399,,,Princess 3.51ct E VS2,,CVD,,,170,,https://d2b64ylw8uvsx.cloudfront.net/R119638A/still.jpg,https://d2b64ylw8uvsx.cloudfront.net/R119638A/R119638A.html,https://www.igi.org/viewpdf.php?r=597356143,,,,,,,,,,,,,,G
1.016645327,IGI,3.22,,,,,547.4,,None,Slightly Thick,FALSE,TRUE,Princess,E,None,VS2,Do not have different prices for Memo and COD,,California,,,5.78,Excellent,Very Good,,,,,Los Angeles,yes,,,N,,,,,,,,Medium,1,74,,,,,,,,71,,,7.94,LG596343298,,7.81,,None,,,,United States,,,,,,,,27,,,,,,,,,78890,,,,,,,,,,,,,,,,,24500,DLB00400,,,Princess 3.22ct E VS2,,CVD,,,170,,https://d2b64ylw8uvsx.cloudfront.net/R118181A/still.jpg,https://d2b64ylw8uvsx.cloudfront.net/R118181A/R118181A.html,https://www.igi.org/viewpdf.php?r=596343298,,,,,,,,,,,,,,G
1.350344828,IGI,3.1,,,,,465,,None,,FALSE,TRUE,Emerald,G,None,VS1,Do not have different prices for Memo and COD,,California,,,4.48,Excellent,Excellent,,,,,Los Angeles,yes,,,,,,,,,,,Medium,1,61.8,,,,,,,,62,,,9.79,LG595390460,,7.25,,None,,,,United States,,,,,,,,30,,,,,,,,,69750,,,,,,,,,,,,,,,,,22500,DLB00407,,,Emerald 3.10ct G VS1,,CVD,,,150,,still.jpg,,https://s3.amazonaws.com/illuminex-media/uploads/diamond/igi_cert/LG595390460.pdf,,,,,,,,,,,,,,G
1.383164006,IGI,3.02,,,,,453,,None,,FALSE,TRUE,Emerald,G,None,VS1,Do not have different prices for Memo and COD,,California,,,4.74,Excellent,Excellent,,,,,Los Angeles,yes,,,,,,,,,,,Slightly Thick,1,68.8,,,,,,,,69,,,9.53,LG596343299,,6.89,,None,,,,United States,,,,,,,,30,,,,,,,,,67950,,,,,,,,,,,,,,,,,22500,DLB00409,,,Emerald 3.02ct G VS1,,CVD,,,150,,//d2b64ylw8uvsx.cloudfront.net/R118303A/still.jpg,//d2b64ylw8uvsx.cloudfront.net/R118303A/R118303A.html,https://s3.amazonaws.com/illuminex-media/uploads/diamond/igi_cert/LG596343299.pdf,,,,,,,,,,,,,,G
1.37,IGI,3,,,,,420,,None,Slightly Thick,FALSE,TRUE,Emerald,G,None,VS2,Do not have different prices for Memo and COD,,California,,,4.58,Excellent,Excellent,,,,,Los Angeles,yes,,,,,,,,,,,Medium,1,65.4,,,,,,,,69,,,9.59,LG595367424,,7,,None,,,,United States,,,,,,,,27,,,,,,,,,61500,,,,,,,,,,,,,,,,,20500,DLB00410,,,Emerald 3.00ct G VS2,,CVD,,,140,,https://d2b64ylw8uvsx.cloudfront.net/R115501A/still.jpg,https://d2b64ylw8uvsx.cloudfront.net/R115501A/R115501A.html,https://s3.amazonaws.com/illuminex-media/uploads/diamond/igi_cert/LG595367424.pdf,,,,,,,,,,,,,,G
1.402836879,IGI,3,,,,,450,,None,,FALSE,TRUE,Emerald,G,None,VS1,Do not have different prices for Memo and COD,,California,,,4.28,Very Good,Very Good,,,,,Los Angeles,yes,,,,,,,,,,,Medium,1,60.7,,,,,,,,70,,,9.89,LG600316054,,7.05,,None,,,,United States,,,,,,,,30,,,,,,,,,67500,,,,,,,,,,,,,,,,,22500,DLB00411,,,Emerald 3.00ct G VS1,,CVD,,,150,,https://d2b64ylw8uvsx.cloudfront.net/R112868B/still.jpg,https://d2b64ylw8uvsx.cloudfront.net/R112868B/R112868B.html,https://s3.amazonaws.com/illuminex-media/uploads/diamond/igi_cert/LG600316054.pdf,,,,,,,,,,,,,,G
2.105790646,IGI,5.19,,,,,1167.75,,None,,FALSE,TRUE,Marquise,F,None,VS1,Do not have different prices for Memo and COD,,California,,34.6,5.44,Excellent,Excellent,,,,,Los Angeles,yes,,,N,,,,,,39.6,,Medium,1,60.6,,,,,,,13,63,,43,18.91,LG625419548,,8.98,,None,,,,United States,,,,,,,,30,,,,,,,,,251715,,,,,,,,,,,,,,,,,48500,DLB00504,,,Marquise 5.19ct F VS1,,CVD,,,225,,https://shivagems.co.in/still.jpg?rndcode=29086,https://shivagems.co.in/newproductdetail.php?rndcode=29086,https://www.igi.org/viewpdf.php?r=625419548,,,,,,,,,,,,,,G
0.995288575,IGI,2.4,,,,Excellent,300,,None,,FALSE,TRUE,Round,E,None,VS1,Do not have different prices for Memo and COD,,California,,36.4,5.35,Excellent,Excellent,,,,,Los Angeles,yes,,,N,,,,,,41.1,,Medium,1,63.1,,,,,,,15.5,58,,43.5,8.45,LG625419528,,8.49,,None,,,,United States,,,,,,,,30,,,,,,,,,45600,,,,,,,,,,,,,,,,,19000,DLB00507,,,Round 2.40ct E VS1,,CVD,,,125,,https://shivagems.co.in/still.jpg?rndcode=29090,https://shivagems.co.in/newproductdetail.php?rndcode=29090,https://www.igi.org/viewpdf.php?r=625419528,,,,,,,,,,,,,,G
0.992134831,IGI,2.72,,,,Ideal,340,,None,,FALSE,TRUE,Round,F,None,VVS2,Do not have different prices for Memo and COD,,California,,35.8,5.53,Excellent,Excellent,,,,,Los Angeles,yes,,,N,,,,,,40.9,,Medium,1,62.3,,,,,,,15,58,,43,8.83,LG625419536,,8.9,,None,,,,United States,,,,,,,,35,,,,,,,,,53040,,,,,,,,,,,,,,,,,19500,DLB00515,,,Round 2.72ct F VVS2,,CVD,,,125,,https://shivagems.co.in/still.jpg?rndcode=29073,https://shivagems.co.in/newproductdetail.php?rndcode=29073,https://www.igi.org/viewpdf.php?r=625419536,,,,,,,,,,,,,,G
0.995609221,IGI,2.82,,,,Ideal,352.5,,None,,FALSE,TRUE,Round,F,None,VS2,Do not have different prices for Memo and COD,,California,,33.4,5.49,Excellent,Excellent,,,,,Los Angeles,yes,,,N,,,,,,40.7,,Medium,1,60.3,,,,,,,13.5,60,,43,9.07,LG625419539,,9.11,,None,,,,United States,,,,,,,,27,,,,,,,,,42300,,,,,,,,,,,,,,,,,15000,DLB00518,,,Round 2.82ct F VS2,,CVD,,,125,,https://shivagems.co.in/still.jpg?rndcode=29077,https://shivagems.co.in/newproductdetail.php?rndcode=29077,https://s3.amazonaws.com/illuminex-media/uploads/diamond/igi_cert/LG625419539.pdf,,,,,,,,,,,,,,G
0.997044335,IGI,3.88,,,,Ideal,485,,None,,FALSE,TRUE,Round,F,None,VS1,Do not have different prices for Memo and COD,,California,,35.4,6.1,Excellent,Excellent,,,,,Los Angeles,yes,,,N,,,,,,40.3,,Medium,1,60.2,,,,,,,14.5,59,,42,10.12,LG626452567,,10.15,,None,,,,United States,,,,,,,,30,,,,,,,,,114460,,,,,,,,,,,,,,,,,29500,DLB00526,,,Round 3.88ct F VS1,,CVD,,,125,,https://shivagems.co.in/still.jpg?rndcode=29825,https://shivagems.co.in/newproductdetail.php?rndcode=29825,https://www.igi.org/viewpdf.php?r=626452567,,,,,,,,,,,,,,G
0.993055556,IGI,4.01,,,,Excellent,461.15,,None,,FALSE,TRUE,Round,G,None,VS1,Do not have different prices for Memo and COD,,California,,36.3,6.28,Excellent,Excellent,,,,,Los Angeles,yes,,,N,,,,,,40.3,,Medium,1,62.5,,,,,,,16,57,,42.5,10.01,LG626452568,,10.08,,None,,,,United States,,,,,,,,30,,,,,,,,,144360,,,,,,,,,,,,,,,,,36000,DLB00527,,,Round 4.01ct G VS1,,CVD,,,115,,https://shivagems.co.in/still.jpg?rndcode=29827,https://shivagems.co.in/newproductdetail.php?rndcode=29827,https://www.igi.org/viewpdf.php?r=626452568,,,,,,,,,,,,,,G
0.994199536,IGI,2.5,,,,Excellent,312.5,,None,,FALSE,TRUE,Round,F,None,VS1,Do not have different prices for Memo and COD,,California,,34.4,5.42,Excellent,Excellent,,,,,Los Angeles,yes,,,N,,,,,,41.5,,Slightly Thick,1,63,,,,,,,14.5,58,,44,8.57,LG626452564,,8.62,,None,,,,United States,,,,,,,,30,,,,,,,,,43750,,,,,,,,,,,,,,,,,17500,DLB00540,,,Round 2.50ct F VS1,,CVD,,,125,,https://shivagems.co.in/still.jpg?rndcode=29834,https://shivagems.co.in/newproductdetail.php?rndcode=29834,https://www.igi.org/viewpdf.php?r=626452564,,,,,,,,,,,,,,G
0.996621622,IGI,2.55,,,,Ideal,318.75,,None,,FALSE,TRUE,Round,F,None,VS1,Do not have different prices for Memo and COD,,California,,33.1,5.33,Excellent,Excellent,,,,,Los Angeles,yes,,,N,,,,,,41,,Medium,1,60.1,,,,,,,13.5,59,,43.5,8.85,LG627497521,,8.88,,None,,,,United States,,,,,,,,30,,,,,,,,,44625,,,,,,,,,,,,,,,,,17500,DLB00561,,,Round 2.55ct F VS1,,CVD,,,125,,https://shivagems.co.in/still.jpg?rndcode=31400,https://shivagems.co.in/newproductdetail.php?rndcode=31400,https://www.igi.org/viewpdf.php?r=627497521,,,,,,,,,,,,,,G
0.994337486,IGI,2.65,,,,Ideal,331.25,,None,,FALSE,TRUE,Round,F,None,VVS2,Do not have different prices for Memo and COD,,California,,35.8,5.48,Excellent,Excellent,,,,,Los Angeles,yes,,,N,,,,,,40.4,,Medium,1,62.2,,,,,,,16,56,,42.5,8.78,LG627497522,,8.83,,None,,,,United States,,,,,,,,35,,,,,,,,,51675,,,,,,,,,,,,,,,,,19500,DLB00562,,,Round 2.65ct F VVS2,,CVD,,,125,,https://shivagems.co.in/still.jpg?rndcode=31401,https://shivagems.co.in/newproductdetail.php?rndcode=31401,https://www.igi.org/viewpdf.php?r=627497522,,,,,,,,,,,,,,G
0.994124559,IGI,2.33,,,,Ideal,291.25,,None,,FALSE,TRUE,Round,E,None,VVS2,Do not have different prices for Memo and COD,,California,,33.9,5.25,Excellent,Excellent,,,,,Los Angeles,yes,,,N,,,,,,41.3,,Medium,1,61.8,,,,,,,14,58,,44,8.46,LG627497526,,8.51,,None,,,,United States,,,,,,,,35,,,,,,,,,48930,,,,,,,,,,,,,,,,,21000,DLB00566,,,Round 2.33ct E VVS2,,CVD,,,125,,https://shivagems.co.in/admin/upload/webdiamonds/31390/31390.jpg,,https://shivagems.co.in/admin/upload/webdiamonds/31390/31390.html,,,,,,,,,,,,,,G
0.996575342,IGI,2.44,,,,Excellent,305,,None,,FALSE,TRUE,Round,D,None,VS1,Do not have different prices for Memo and COD,,California,,31.9,5.16,Excellent,Excellent,,,,,Los Angeles,yes,,,N,,,,,,40.3,,Medium,1,59,,,,,,,12.5,59,,42.5,8.73,LG627497529,,8.76,,None,,,,United States,,,,,,,,30,,,,,,,,,50020,,,,,,,,,,,,,,,,,20500,DLB00569,,,Round 2.44ct D VS1,,CVD,,,125,,https://shivagems.co.in/still.jpg?rndcode=31393,https://shivagems.co.in/newproductdetail.php?rndcode=31393,https://www.igi.org/viewpdf.php?r=627497529,,,,,,,,,,,,,,G
,IGI,1.54,,,,,184.8,,None,,FALSE,TRUE,Pear,E,None,VVS2,Do not have different prices for Memo and COD,,California,,,4.08,Excellent,Excellent,,,,,Los Angeles,yes,,,N,,,,,,,,Medium,1,62.7,,,,,,,14,62.7,,45,9.93,LG627448548,,6.51,,None,,,,United States,,,,,,,,,,,,,,,,,,,,,,,,,,,,,,,,,,,DLB00599,,,Pear 1.54ct E VVS2,,CVD,,,120,,,,,,,,,,,,,,,,,,G
0.996828753,IGI,3.01,,,,Excellent,376.25,,None,,FALSE,TRUE,Round,F,None,VS1,Do not have different prices for Memo and COD,,California,,31.9,5.56,Excellent,Excellent,,,,,Los Angeles,yes,,,N,,,,,,40.8,,Medium,1,58.9,,,,,,,12.5,60,,43,9.43,LG627497546,,9.46,,None,,,,United States,,,,,,,,30,,,,,,,,,88795,,,,,,,,,,,,,,,,,29500,DLB00586,,,Round 3.01ct F VS1,,CVD,,,125,,https://shivagems.co.in/still.jpg?rndcode=31406,https://shivagems.co.in/newproductdetail.php?rndcode=31406,https://www.igi.org/viewpdf.php?r=627497546,,,,,,,,,,,,,,G
0.996993988,IGI,3.59,,,,Excellent,628.25,,None,,FALSE,TRUE,Round,G,None,VVS2,Do not have different prices for Memo and COD,,California,,32.1,5.91,Excellent,Excellent,,,,,Los Angeles,yes,,,N,,,,,,40.6,,Medium,1,59.3,,,,,,,13,59,,43,9.95,LG627497551,,9.98,,None,,,,United States,,,,,,,,35,,,,,,,,,100520,,,,,,,,,,,,,,,,,28000,DLB00591,,,Round 3.59ct G VVS2,,CVD,,,175,,https://shivagems.co.in/still.jpg?rndcode=31411,https://shivagems.co.in/newproductdetail.php?rndcode=31411,https://s3.amazonaws.com/illuminex-media/uploads/diamond/igi_cert/LG627497551.pdf,,,,,,,,,,,,,,G
0.992882562,IGI,2.32,,,,Excellent,406,,None,,FALSE,TRUE,Round,E,None,VVS2,Do not have different prices for Memo and COD,,California,,,5.27,Excellent,Excellent,,,,,Los Angeles,yes,,,N,,,,,,,,Medium,1,62.7,,,,,,,,56,,,8.37,LG628440620,,8.43,,None,,,,United States,,,,,,,,35,,,,,,,,,48720,,,,,,,,,,,,,,,,,21000,DLB00638,,,Round 2.32ct E VVS2,,CVD,,,175,,https://shivagems.co.in/still.jpg?rndcode=51025,https://shivagems.co.in/newproductdetail.php?rndcode=51025,https://www.igi.org/viewpdf.php?r=628440620,,,,,,,,,,,,,,G
1.492845787,IGI,2.07,,,,,258.75,,None,Slightly Thick,FALSE,TRUE,Radiant,G,None,VVS2,Do not have different prices for Memo and COD,,California,,,4.2,Excellent,Excellent,,,,,Los Angeles,yes,,,N,,,,,,,,Medium,1,66.8,,,,,,,,68,,,9.39,LG628440619,,6.29,,None,,,,United States,,,,,,,,35,,,,,,,,,31050,,,,,,,,,,,,,,,,,15000,DLB00645,,,Radiant 2.07ct G VVS2,,CVD,,,125,,https://shivagems.co.in/still.jpg?rndcode=51024,https://shivagems.co.in/newproductdetail.php?rndcode=51024,https://www.igi.org/viewpdf.php?r=628440619,,,,,,,,,,,,,,G
0.995469989,IGI,2.5,,,,Excellent,325,,None,Slightly Thick,FALSE,TRUE,Round,E,None,VS1,Do not have different prices for Memo and COD,,California,,,5.23,Excellent,Excellent,,,,,Los Angeles,yes,,,N,,,,,,,,Medium,1,59.4,,,,,,,,60,,,8.79,LG628440616,,8.83,,None,,,,United States,,,,,,,,30,,,,,,,,,47500,,,,,,,,,,,,,,,,,19000,DLB00646,,,Round 2.50ct E VS1,,CVD,,,130,,https://shivagems.co.in/still.jpg?rndcode=51020,https://shivagems.co.in/newproductdetail.php?rndcode=51020,https://www.igi.org/viewpdf.php?r=628440616,,,,,,,,,,,,,,G
0.997533909,IGI,2.11,,,,Excellent,221.55,,None,Slightly Thick,FALSE,TRUE,Round,G,None,VS2,Do not have different prices for Memo and COD,,California,,,5.13,Excellent,Excellent,,,,,Los Angeles,yes,,,N,,,,,,,,Medium,1,63.3,,,,,,,,57,,,8.09,LG628440593,,8.11,,None,,,,United States,,,,,,,,27,,,,,,,,,28485,,,,,,,,,,,,,,,,,13500,DLB00648,,,Round 2.11ct G VS2,,CVD,,,105,,https://shivagems.co.in/still.jpg?rndcode=51027,https://shivagems.co.in/newproductdetail.php?rndcode=51027,https://www.igi.org/viewpdf.php?r=628440593,,,,,,,,,,,,,,G
1.484848485,IGI,2.05,,,,,246,,None,,FALSE,TRUE,Radiant,F,None,VS1,Do not have different prices for Memo and COD,,California,,,4.11,Excellent,Excellent,,,,,Los Angeles,yes,,,N,,,,,,,,Medium,1,65.6,,,,,,,,64,,,9.31,LG628440596,,6.27,,None,,,,United States,,,,,,,,30,,,,,,,,,30750,,,,,,,,,,,,,,,,,15000,DLB00651,,,Radiant 2.05ct F VS1,,CVD,,,120,,https://shivagems.co.in/still.jpg?rndcode=51032,https://shivagems.co.in/newproductdetail.php?rndcode=51032,https://www.igi.org/viewpdf.php?r=628440596,,,,,,,,,,,,,,G
0.997560976,IGI,2.01,,,,Excellent,231.15,,None,,FALSE,TRUE,Round,F,None,VS2,Do not have different prices for Memo and COD,,California,,,4.94,Excellent,Excellent,,,,,Los Angeles,yes,,,N,,,,,,,,Medium,1,60.3,,,,,,,,60,,,8.18,LG628485586,,8.2,,None,,,,United States,,,,,,,,27,,,,,,,,,30150,,,,,,,,,,,,,,,,,15000,DLB00661,,,Round 2.01ct F VS2,,CVD,,,115,,https://shivagems.co.in/still.jpg?rndcode=12547,https://shivagems.co.in/newproductdetail.php?rndcode=12547,https://www.igi.org/viewpdf.php?r=628485586,,,,,,,,,,,,,,G
0.994949495,IGI,1.94,,,,Excellent,213.4,,None,Slightly Thick,FALSE,TRUE,Round,E,None,VVS2,Do not have different prices for Memo and COD,,California,,,4.97,Excellent,Excellent,,,,,Los Angeles,yes,,,N,,,,,,,,Medium,1,62.9,,,,,,,,57,,,7.88,LG627449295,,7.92,,None,,,,United States,,,,,,,,35,,,,,,,,,27742,,,,,,,,,,,,,,,,,14300,DLB00662,,,Round 1.94ct E VVS2,,CVD,,,110,,https://shivagems.co.in/still.jpg?rndcode=601,https://shivagems.co.in/newproductdetail.php?rndcode=601,https://s3.amazonaws.com/illuminex-media/uploads/diamond/igi_cert/LG627449295.pdf,,,,,,,,,,,,,,G
1.098066298,IGI,2.14,,,,,235.4,,None,Slightly Thick,FALSE,TRUE,Cushion,G,None,VS1,Do not have different prices for Memo and COD,,California,,,4.9,Excellent,Excellent,,,,,Los Angeles,yes,,,N,,,,,,,,Medium,1,67.7,,,,,,,,58,,,7.95,LG628485577,,7.24,,None,,,,United States,,,,,,,,30,,,,,,,,,29960,,,,,,,,,,,,,,,,,14000,DLB00670,,,Cushion 2.14ct G VS1,,CVD,,,110,,https://shivagems.co.in/still.jpg?rndcode=12557,https://shivagems.co.in/newproductdetail.php?rndcode=12557,https://s3.amazonaws.com/illuminex-media/uploads/diamond/igi_cert/LG628485577.pdf,,,,,,,,,,,,,,G
1.168812589,IGI,2.13,,,,,234.3,,None,Thick,FALSE,TRUE,Cushion,G,None,VS1,Do not have different prices for Memo and COD,,California,,,4.71,Excellent,Excellent,,,,,Los Angeles,yes,,,N,,,,,,,,Medium,1,67.4,,,,,,,,65,,,8.17,LG628485576,,6.99,,None,,,,United States,,,,,,,,30,,,,,,,,,29820,,,,,,,,,,,,,,,,,14000,DLB00671,,,Cushion 2.13ct G VS1,,CVD,,,110,,https://shivagems.co.in/still.jpg?rndcode=12556,https://shivagems.co.in/newproductdetail.php?rndcode=12556,https://s3.amazonaws.com/illuminex-media/uploads/diamond/igi_cert/LG628485576.pdf,,,,,,,,,,,,,,G
0.997087379,IGI,3.93,,,,Excellent,471.6,,None,,FALSE,TRUE,Round,G,None,VS1,Do not have different prices for Memo and COD,,California,,,6.07,Excellent,Excellent,,,,,Los Angeles,yes,,,N,,,,,,,,Medium,1,59,,,,,,,,59,,,10.27,LG628485597,,10.3,,None,,,,United States,,,,,,,,30,,,,,,,,,96285,,,,,,,,,,,,,,,,,24500,DLB00676,,,Round 3.93ct G VS1,,CVD,,,120,,https://shivagems.co.in/still.jpg?rndcode=12562,https://shivagems.co.in/newproductdetail.php?rndcode=12562,https://www.igi.org/viewpdf.php?r=628485597,,,,,,,,,,,,,,G
0.996543779,IGI,2.56,,,,Excellent,307.2,,None,Slightly Thick,FALSE,TRUE,Round,G,None,VS2,Do not have different prices for Memo and COD,,California,,,5.45,Excellent,Excellent,,,,,Los Angeles,yes,,,N,,,,,,,,Medium,1,63,,,,,,,,60,,,8.65,LG628485579,,8.68,,None,,,,United States,,,,,,,,27,,,,,,,,,34560,,,,,,,,,,,,,,,,,13500,DLB00679,,,Round 2.56ct G VS2,,CVD,,,120,,https://shivagems.co.in/still.jpg?rndcode=12559,https://shivagems.co.in/newproductdetail.php?rndcode=12559,https://www.igi.org/viewpdf.php?r=628485579,,,,,,,,,,,,,,G
0.995337995,IGI,2.44,,,,Ideal,317.2,,None,Slightly Thick,FALSE,TRUE,Round,E,None,VVS2,Do not have different prices for Memo and COD,,California,,,5.32,Excellent,Excellent,,,,,Los Angeles,yes,,,N,,,,,,,,Medium,1,62.2,,,,,,,,59,,,8.54,LG629436080,,8.58,,None,,,,United States,,,,,,,,35,,,,,,,,,51240,,,,,,,,,,,,,,,,,21000,DLB00685,,,Round 2.44ct E VVS2,,CVD,,,130,,https://diamonds360.in/still.jpg?rndcode=51760,https://diamonds360.in/newproductdetail.php?rndcode=51760,https://www.igi.org/viewpdf.php?r=629436080,,,,,,,,,,,,,,G
0.997487437,IGI,2.01,,,,Excellent,201,,None,Slightly Thick,FALSE,TRUE,Round,H,None,VS2,Do not have different prices for Memo and COD,,California,,,5.04,Excellent,Excellent,,,,,Los Angeles,yes,,,N,,,,,,,,Medium,1,63.4,,,,,,,,,,,7.94,LG629436092,,7.96,,None,,,,United States,,,,,,,,27,,,,,,,,,23115,,,,,,,,,,,,,,,,,11500,DLB00692,,,Round 2.01ct H VS2,,CVD,,,100,,https://diamonds360.in/still.jpg?rndcode=51752,https://diamonds360.in/newproductdetail.php?rndcode=51752,https://s3.amazonaws.com/illuminex-media/uploads/diamond/igi_cert/LG629436092.pdf,,,,,,,,,,,,,,G
0.992882562,IGI,2.3,,,,Excellent,230,,None,Slightly Thick,FALSE,TRUE,Round,G,None,VVS2,Do not have different prices for Memo and COD,,California,,,5.19,Excellent,Excellent,,,,,Los Angeles,yes,,,N,,,,,,,,Medium,1,61.9,,,,,,,,60,,,8.37,LG629482638,,8.43,,None,,,,United States,,,,,,,,35,,,,,,,,,37950,,,,,,,,,,,,,,,,,16500,DLB00703,,,Round 2.30ct G VVS2,,CVD,,,100,,https://diamonds360.in/still.jpg?rndcode=51986,https://diamonds360.in/newproductdetail.php?rndcode=51986,https://www.igi.org/viewpdf.php?r=629482638,,,,,,,,,,,,,,G
,IGI,1,,,,,100,,None,Thick,FALSE,TRUE,Pear,D,None,VVS2,Do not have different prices for Memo and COD,,California,,,3.35,Excellent,Excellent,,,,,Los Angeles,yes,,,N,,,,,,,,Medium,1,60,,,,,,,,62,,,8.94,LG627449426,,5.58,,None,,,,United States,,,,,,,,,,,,,,,,,,,,,,,,,,,,,,,,,,,DLB00721,,,Pear 1.00ct D VVS2,,CVD,,,100,,https://diamonds360.in/still.jpg?rndcode=792,https://diamonds360.in/newproductdetail.php?rndcode=792,,,,,,,,,,,,,,,G
,IGI,1.08,,,,,108,,None,Slightly Thick,FALSE,TRUE,Pear,E,None,VS2,Do not have different prices for Memo and COD,,California,,,3.52,Excellent,Excellent,,,,,Los Angeles,yes,,,N,,,,,,,,Medium,1,61.8,,,,,,,,61,,,9.11,LG627449436,,5.7,,None,,,,United States,,,,,,,,,,,,,,,,,,,,,,,,,,,,,,,,,,,DLB00718,,,Pear 1.08ct E VS2,,CVD,,,100,,,,,,,,,,,,,,,,,,G
0.996662959,IGI,2.86,,,,Excellent,343.2,,None,,FALSE,TRUE,Round,G,None,VS1,Do not have different prices for Memo and COD,,California,,,5.65,Excellent,Excellent,,,,,Los Angeles,yes,,,N,,,,,,,,Medium,1,63,,,,,,,,58,,,8.96,LG632496498,,8.99,,None,,,,United States,,,,,,,,30,,,,,,,,,42900,,,,,,,,,,,,,,,,,15000,DLB00715,,,Round 2.86ct G VS1,,CVD,,,120,,https://diamonds360.in/still.jpg?rndcode=55950,https://diamonds360.in/newproductdetail.php?rndcode=55950,https://www.igi.org/viewpdf.php?r=632496498,,,,,,,,,,,,,,G
1.463087248,IGI,1.66,,,,,190.9,,None,Slightly Thick,FALSE,TRUE,Radiant,E,None,VVS2,Do not have different prices for Memo and COD,,California,,,3.83,Excellent,Excellent,,,,,Los Angeles,yes,,,N,,,,,,,,Medium,1,64.3,,,,,,,,60,,,8.72,LG627450448,,5.96,,None,,,,United States,,,,,,,,35,,,,,,,,,19256,,,,,,,,,,,,,,,,,11600,DLB00739,,,Radiant 1.66ct E VVS2,,CVD,,,115,,https://diamonds360.in/still.jpg?rndcode=3104,https://diamonds360.in/newproductdetail.php?rndcode=3104,https://s3.amazonaws.com/illuminex-media/uploads/diamond/igi_cert/LG627450448.pdf,,,,,,,,,,,,,,G
0.995365006,IGI,2.51,,,,Excellent,301.2,,None,Slightly Thick,FALSE,TRUE,Round,G,None,VS1,Do not have different prices for Memo and COD,,California,,,5.39,Excellent,Excellent,,,,,Los Angeles,yes,,,N,,,,,,,,Medium,1,62.6,,,,,,,,60,,,8.59,LG630448479,,8.63,,None,,,,United States,,,,,,,,30,,,,,,,,,37650,,,,,,,,,,,,,,,,,15000,DLB00767,,,Round 2.51ct G VS1,,CVD,,,120,,https://diamonds360.in/still.jpg?rndcode=53287,https://diamonds360.in/newproductdetail.php?rndcode=53287,https://www.igi.org/viewpdf.php?r=630448479,,,,,,,,,,,,,,G
0.991179713,IGI,2.95,,,,Excellent,368.75,,None,Slightly Thick,FALSE,TRUE,Round,G,None,VVS2,Do not have different prices for Memo and COD,,California,,,5.74,Excellent,Excellent,,,,,Los Angeles,yes,,,N,,,,,,,,Medium,1,63.5,,,,,,,,58,,,8.99,LG630448489,,9.07,,None,,,,United States,,,,,,,,35,,,,,,,,,48675,,,,,,,,,,,,,,,,,16500,DLB00770,,,Round 2.95ct G VVS2,,CVD,,,125,,still.jpg,,https://www.igi.org/viewpdf.php?r=630448489,,,,,,,,,,,,,,G
0.992546584,IGI,2.01,,,,Excellent,221.1,,None,Slightly Thick,FALSE,TRUE,Round,H,None,VS1,Do not have different prices for Memo and COD,,California,,,5.02,Excellent,Excellent,,,,,Los Angeles,yes,,,N,,,,,,,,Medium,1,62.6,,,,,,,,57,,,7.99,LG630448471,,8.05,,None,,,,United States,,,,,,,,30,,,,,,,,,25125,,,,,,,,,,,,,,,,,12500,DLB00778,,,Round 2.01ct H VS1,,CVD,,,110,,https://diamonds360.in/still.jpg?rndcode=53281,https://diamonds360.in/newproductdetail.php?rndcode=53281,https://s3.amazonaws.com/illuminex-media/uploads/diamond/igi_cert/LG630448471.pdf,,,,,,,,,,,,,,G
0.996394231,IGI,2.12,,,,Excellent,254.4,,None,Slightly Thick,FALSE,TRUE,Round,E,None,VS2,Do not have different prices for Memo and COD,,California,,,4.97,Excellent,Excellent,,,,,Los Angeles,yes,,,N,,,,,,,,Medium,1,59.8,,,,,,,,59,,,8.29,LG631423092,,8.32,,None,,,,United States,,,,,,,,27,,,,,,,,,33920,,,,,,,,,,,,,,,,,16000,DLB00800,,,Round 2.12ct E VS2,,CVD,,,120,,https://diamonds360.in/still.jpg?rndcode=13081,https://diamonds360.in/newproductdetail.php?rndcode=13081,https://www.igi.org/viewpdf.php?r=631423092,,,,,,,,,,,,,,G
0.992601726,IGI,2.05,,,,Ideal,205,,None,Slightly Thick,FALSE,TRUE,Round,H,None,SI1,Do not have different prices for Memo and COD,,California,,,5.04,Excellent,Excellent,,,,,Los Angeles,yes,,,N,,,,,,,,Medium,1,43,,,,,,,,57,,,8.05,LG628485589,,8.11,,None,,,,United States,,,,,,,,21,,,,,,,,,21320,,,,,,,,,,,,,,,,,10400,DLB00665,,,Round 2.05ct H SI1,,CVD,,,100,,still.jpg,,https://s3.amazonaws.com/illuminex-media/uploads/diamond/igi_cert/LG628485589.pdf,,,,,,,,,,,,,,G
0.989473684,IGI,2.44,,,,Excellent,219.6,,None,Slightly Thick,FALSE,TRUE,Round,F,None,SI2,Do not have different prices for Memo and COD,,California,,,5.37,Excellent,Excellent,,,,,Los Angeles,yes,,,N,,,,,,,,Medium,1,63.2,,,,,,,,57,,,8.46,LG628495048,,8.55,,None,,,,United States,,,,,,,,19,,,,,,,,,23912,,,,,,,,,,,,,,,,,9800,DLB00820,,,Round 2.44ct F SI2,,CVD,,,90,,still.jpg,,https://www.igi.org/viewpdf.php?r=628495048,,,,,,,,,,,,,,G
2.086060606,IGI,4.1,,,,,922.5,,None,,FALSE,TRUE,Marquise,E,None,VS1,Do not have different prices for Memo and COD,,California,,,5.08,Excellent,Excellent,,,,,Los Angeles,yes,,,N,,,,,,,,Medium,1,61.6,,,,,,,,62,,,17.21,LG640488849,,8.25,,None,,,,United States,,,,,,,,30,,,,,,,,,153750,,,,,,,,,,,,,,,,,37500,DLB00821,,,Marquise 4.10ct E VS1,,CVD,,,225,,still.jpg,,https://s3.amazonaws.com/illuminex-media/uploads/diamond/igi_cert/LG640488849.pdf,,,,,,,,,,,,,,G
1.343419062,IGI,2.13,,,,,234.3,,None,Slightly Thick,FALSE,TRUE,Radiant,G,None,VVS1,Do not have different prices for Memo and COD,,California,,,4.17,Excellent,Excellent,,,,,Los Angeles,yes,,,N,,,,,,,,Medium,1,63.1,,,,,,,,66,,,8.88,LG634441347,,6.61,,None,,,,United States,,,,,,,,37,,,,,,,,,34080,,,,,,,,,,,,,,,,,16000,DLB00823,,,Radiant 2.13ct G VVS1,,CVD,,,110,,still.jpg,,https://www.igi.org/viewpdf.php?r=634441347,,,,,,,,,,,,,,G
,IGI,1,,,,,100,,None,Slightly Thick,FALSE,TRUE,Pear,E,None, VS1,Do not have different prices for Memo and COD,,California,,,3.51,Excellent,Excellent,,,,,Los Angeles,yes,,,N,,,,,,,,Medium,1,62,,,,,,,,62,,,8.76,LG634441348,,5.66,,None,,,,United States,,,,,,,,,,,,,,,,,,,,,,,,,,,,,,,,,,,DLB00827,,,Pear 1.00ct E VS1,,CVD,,,100,,still.jpg,,https://www.igi.org/viewpdf.php?r=634441348,,,,,,,,,,,,,,G
0.993710692,IGI,1.94,,,,Excellent,213.4,,None,Slightly Thick,FALSE,TRUE,Round,D,None,VVS2,Do not have different prices for Memo and COD,,California,,,4.97,Excellent,Excellent,,,,,Los Angeles,yes,,,N,,,,,,,,Medium,1,62.7,,,,,,,,57,,,7.9,LG634441349,,7.95,,None,,,,United States,,,,,,,,35,,,,,,,,,28324,,,,,,,,,,,,,,,,,14600,DLB00826,,,Round 1.94ct D VVS2,,CVD,,,110,,still.jpg,,https://s3.amazonaws.com/illuminex-media/uploads/diamond/igi_cert/LG634441349.pdf,,,,,,,,,,,,,,G
0.996291718,IGI,2,,,,Ideal,240,,None,,FALSE,TRUE,Round,F,None,VVS2,Do not have different prices for Memo and COD,,California,,33.8,4.84,Excellent,Excellent,,,,,Los Angeles,yes,,,N,,,,,,40.4,,Medium,1,60,,,,,,,13,62,,42.5,8.06,LG625419532,,8.09,,None,,,,United States,,,,,,,,35,,,,,,,,,39000,,,,,,,,,,,,,,,,,19500,DLB00511,,,Round 2.00ct F VVS2,,CVD,,,120,,https://shivagems.co.in/still.jpg?rndcode=29084,https://shivagems.co.in/newproductdetail.php?rndcode=29084,https://www.igi.org/viewpdf.php?r=625419532,,,,,,,,,,,,,,G
0.993087558,IGI,2.53,,,,Ideal,316.25,,None,Slightly Thick,FALSE,TRUE,Round,E,None,VS1,Do not have different prices for Memo and COD,,California,,,5.4,Excellent,Excellent,,,,,Los Angeles,yes,,,N,,,,,,,,Medium,1,62.5,,,,,,,,58,,,8.62,LG628440594,,8.68,,None,,,,United States,,,,,,,,30,,,,,,,,,48070,,,,,,,,,,,,,,,,,19000,DLB00654,,,Round 2.53ct E VS1,,CVD,,,125,,https://shivagems.co.in/still.jpg?rndcode=51028,https://shivagems.co.in/newproductdetail.php?rndcode=51028,https://www.igi.org/viewpdf.php?r=628440594,,,,,,,,,,,,,,G
0.996835443,IGI,3.31,,,,Excellent,364.1,,None,Slightly Thick,FALSE,TRUE,Round,E,None,VS2,Do not have different prices for Memo and COD,,California,,36.1,5.89,Excellent,Excellent,,,,,Los Angeles,yes,,,N,,,,,,41.5,,Medium,1,62.2,,,,,,,14,62,,44,9.45,LG594337130,,9.48,,None,,,This Laboratory Grown Diamond was created by Chemical Vapor Deposition (CVD) growth process and may,United States,,,,,,,,27,,,,,,,,,87715,,,,,,,,,,,,,,,,,26500,DLB00277,,,Round 3.31ct E VS2,,CVD,,,110,,https://mycertdiamvids.com/Videos/R113407A/still.jpg,https://mycertdiamvids.com/Videos/R113407A/R113407A.html,https://www.igi.org/viewpdf.php?r=594337130,,,,,,,,,,,,,,G
0.993650794,IGI,3.27,,,,Ideal,392.4,,None,,FALSE,TRUE,Round,E,None,VS2,Do not have different prices for Memo and COD,,California,,36.2,5.83,Excellent,Excellent,,,,,Los Angeles,yes,,,N,,,,,,40.4,,Medium,1,61.9,,,,,,,15.5,58,,42.5,9.39,LG596312965,,9.45,,None,,,This Laboratory Grown Diamond was created by Chemical Vapor Deposition (CVD) growth process and may,United States,,,,,,,,27,,,,,,,,,86655,,,,,,,,,,,,,,,,,26500,DLB00278,,,Round 3.27ct E VS2,,CVD,,,120,,https://mycertdiamvids.com/Videos/R111515A/still.jpg,https://mycertdiamvids.com/Videos/R111515A/R111515A.html,https://www.igi.org/viewpdf.php?r=596312965,,,,,,,,,,,,,,G
0.995798319,IGI,3.31,,,,Ideal,397.2,,None,,FALSE,TRUE,Round,E,None,VS2,Do not have different prices for Memo and COD,,California,,35.9,5.91,Excellent,Excellent,,,,,Los Angeles,yes,,,N,,,,,,41.6,,Medium,1,62.2,,,,,,,14.5,60,,44,9.48,LG594323339,,9.52,,None,,,This Laboratory Grown Diamond was created by Chemical Vapor Deposition (CVD) growth process and may,United States,,,,,,,,27,,,,,,,,,87715,,,,,,,,,,,,,,,,,26500,DLB0036,,,Round 3.31ct E VS2,,CVD,,,120,,https://mycertdiamvids.com/Videos/R108729A/still.jpg,https://mycertdiamvids.com/Videos/R108729A/R108729A.html,https://www.igi.org/viewpdf.php?r=594323339,,,,,,,,,,,,,,G
0.995762712,IGI,3.25,,,,Ideal,390,,None,Slightly Thick,FALSE,TRUE,Round,E,None,VS2,Do not have different prices for Memo and COD,,California,,35.8,5.87,Excellent,Excellent,,,,,Los Angeles,yes,,,N,,,,,,41.2,,Medium,1,62.3,,,,,,,15,59,,43.5,9.4,LG596317691,,9.44,,None,,,This Laboratory Grown Diamond was created by Chemical Vapor Deposition (CVD) growth process and may,United States,,,,,,,,27,,,,,,,,,86125,,,,,,,,,,,,,,,,,26500,DLB0042,,,Round 3.25ct E VS2,,CVD,,,120,,https://mycertdiamvids.com/Videos/R112397A/still.jpg,https://mycertdiamvids.com/Videos/R112397A/R112397A.html,https://www.igi.org/viewpdf.php?r=596317691,,,,,,,,,,,,,,G
1.02621232,IGI,3.01,,,,,331.1,,None,,FALSE,TRUE,Princess,G,None,VS2,Do not have different prices for Memo and COD,,California,,42.1,5.42,Excellent,Excellent,,,,,Los Angeles,yes,,,N,,,,,,37.3,,Slightly Thick,1,71,,,,,,,12,69,,54.5,7.83,LG597356157,,7.63,,None,,,This Laboratory Grown Diamond was created by Chemical Vapor Deposition (CVD) growth process and may,United States,,,,,,,,27,,,,,,,,,61705,,,,,,,,,,,,,,,,,20500,DLB00335,,,Princess 3.01ct G VS2,,CVD,,,110,,https://mycertdiamvids.com/Videos/R114141A/still.jpg,https://mycertdiamvids.com/Videos/R114141A/R114141A.html,https://www.igi.org/viewpdf.php?r=597356157,,,,,,,,,,,,,,G
0.996852046,IGI,3.12,,,,Excellent,343.2,,None,,FALSE,TRUE,Round,F,None,VS1,Do not have different prices for Memo and COD,,California,,,5.62,Excellent,Excellent,,,,,Los Angeles,yes,,,N,,,,,,,,Medium,1,59.1,,,,,,,,59,,,9.5,LG628440633,,9.53,,None,,,,United States,,,,,,,,30,,,,,,,,,92040,,,,,,,,,,,,,,,,,29500,DLB00656,,,Round 3.12ct F VS1,,CVD,,,110,,https://shivagems.co.in/still.jpg?rndcode=51029,https://shivagems.co.in/newproductdetail.php?rndcode=51029,https://www.igi.org/viewpdf.php?r=628440633,,,,,,,,,,,,,,G
0.99378882,IGI,2.04,,,,Excellent,255,,None,Slightly Thick,FALSE,TRUE,Round,E,None,VS2,Do not have different prices for Memo and COD,,California,,,5.04,Excellent,Excellent,,,,,Los Angeles,yes,,,N,,,,,,,,Medium,1,62.7,,,,,,,,57,,,8,LG632496471,,8.05,,None,,,,United States,,,,,,,,27,,,,,,,,,32640,,,,,,,,,,,,,,,,,16000,DLB00789,,,Round 2.04ct E VS2,,CVD,,,125,,https://diamonds360.in/still.jpg?rndcode=55943,https://diamonds360.in/newproductdetail.php?rndcode=55943,https://www.igi.org/viewpdf.php?r=632496471,,,,,,,,,,,,,,G
,IGI,1.06,,,,Ideal,132.5,,None,,FALSE,TRUE,Round,D,None,VVS2,Do not have different prices for Memo and COD,,California,,,3.99,Excellent,Excellent,,,,,Los Angeles,yes,,,N,,,,,,,,Medium,1,60.5,,,,,,,,59,,,6.58,LG687591822,,6.62,,None,,,This Laboratory Grown Diamond was created by Chemical Vapor Deposition (CVD) growth process and may,United States,,,,,,,,,,,,,,,,,,,,,,,,,,,,,,,,,,,DLB00902,,,Round 1.06ct D VVS2,,CVD,,,125,,https://v360.in/V360Images.aspx?cid=RAH&d=25QA-0297,https://v360.in/v360-viewer/2575/25QA-0297,https://api.igi.org/viewpdf.php?r=687591822,,,,,,,,,,,,,,G
,IGI,1.06,,,,Ideal,132.5,,None,Slightly Thick,FALSE,TRUE,Round,D,None,VVS2,Do not have different prices for Memo and COD,,California,,,4.06,Excellent,Excellent,,,,,Los Angeles,yes,,,N,,,,,,,,Medium,1,62.2,,,,,,,,58,,,6.51,LG689502723,,6.55,,None,,,This Laboratory Grown Diamond was created by Chemical Vapor Deposition (CVD) growth process and may,United States,,,,,,,,,,,,,,,,,,,,,,,,,,,,,,,,,,,DLB00904,,,Round 1.06ct D VVS2,,CVD,,,125,,https://v360.in/V360Images.aspx?cid=RAH&d=25QA-0088,https://v360.in/v360-viewer/2575/25QA-0088,https://api.igi.org/viewpdf.php?r=689502723,,,,,,,,,,,,,,G
,IGI,1.07,,,,Ideal,133.75,,None,Slightly Thick,FALSE,TRUE,Round,D,None,VVS2,Do not have different prices for Memo and COD,,California,,,4.01,Excellent,Excellent,,,,,Los Angeles,yes,,,N,,,,,,,,Medium,1,60.8,,,,,,,,58,,,6.59,LG689556325,,6.61,,None,,,This Laboratory Grown Diamond was created by Chemical Vapor Deposition (CVD) growth process and may,United States,,,,,,,,,,,,,,,,,,,,,,,,,,,,,,,,,,,DLB00905,,,Round 1.07ct D VVS2,,CVD,,,125,,https://v360.in/V360Images.aspx?cid=RAH&d=25QD-0256,https://v360.in/v360-viewer/2575/25QD-0256,https://api.igi.org/viewpdf.php?r=689556325,,,,,,,,,,,,,,G
,IGI,1.06,,,,Ideal,132.5,,None,,FALSE,TRUE,Round,D,None,VVS2,Do not have different prices for Memo and COD,,California,,,4.02,Excellent,Excellent,,,,,Los Angeles,yes,,,N,,,,,,,,Medium,1,61.1,,,,,,,,55,,,6.57,LG689556277,,6.6,,None,,,This Laboratory Grown Diamond was created by Chemical Vapor Deposition (CVD) growth process and may,United States,,,,,,,,,,,,,,,,,,,,,,,,,,,,,,,,,,,DLB00906,,,Round 1.06ct D VVS2,,CVD,,,125,,https://v360.in/V360Images.aspx?cid=RAH&d=25QD-0264,https://v360.in/v360-viewer/2575/25QD-0264,https://api.igi.org/viewpdf.php?r=689556277,,,,,,,,,,,,,,G
,IGI,1.07,,,,Ideal,133.75,,None,,FALSE,TRUE,Round,E,None,VVS2,Do not have different prices for Memo and COD,,California,,,4.01,Excellent,Excellent,,,,,Los Angeles,yes,,,N,,,,,,,,Medium,1,60.8,,,,,,,,59,,,6.58,LG689556269,,6.64,,None,,,This Laboratory Grown Diamond was created by Chemical Vapor Deposition (CVD) growth process and may,United States,,,,,,,,,,,,,,,,,,,,,,,,,,,,,,,,,,,DLB00907,,,Round 1.07ct E VVS2,,CVD,,,125,,https://v360.in/V360Images.aspx?cid=RAH&d=25QD-0272,https://v360.in/v360-viewer/2575/25QD-0272,https://api.igi.org/viewpdf.php?r=689556269,,,,,,,,,,,,,,G
0.995391705,IGI,1.05,,,,Ideal,131.25,,None,Slightly Thick,FALSE,TRUE,Round,E,None,VVS2,Do not have different prices for Memo and COD,,California,,,4.06,Excellent,Excellent,,,,,Los Angeles,yes,,,N,,,,,,,,Medium,1,62.5,,,,,,,,56,,,6.48,LG694582173,,6.51,,None,,,,United States,,,,,,,,35,,,,,,,,,9393,,,,,,,,,,,,,,,,,9300,DLB00910,,,Round 1.05ct E VVS2,,CVD,,,125,,https://v360.in/v360-viewer/2575/still.jpg,https://v360.in/v360-viewer/2575/25QJ-0259&btn=0&sv=0&z=0&btn=0&sv=0&z=0,https://www.igi.org/viewpdf.php?r=694582173,,,,,,,,,,,,,,G
,IGI,1.06,,,,Ideal,132.5,,None,Slightly Thick,FALSE,TRUE,Round,E,None,VVS2,Do not have different prices for Memo and COD,,California,,,4.05,Excellent,Excellent,,,,,Los Angeles,yes,,,N,,,,,,,,Medium,1,62.2,,,,,,,,57,,,6.48,LG689529401,,6.53,,None,,,This Laboratory Grown Diamond was created by Chemical Vapor Deposition (CVD) growth process and may,United States,,,,,,,,,,,,,,,,,,,,,,,,,,,,,,,,,,,DLB00913,,,Round 1.06ct E VVS2,,CVD,,,125,,https://v360.in/V360Images.aspx?cid=RAH&d=25QD-0124,https://v360.in/v360-viewer/2575/25QD-0124,https://api.igi.org/viewpdf.php?r=689529401,,,,,,,,,,,,,,G
,IGI,1.06,,,,Ideal,132.5,,None,Slightly Thick,FALSE,TRUE,Round,D,None,VVS2,Do not have different prices for Memo and COD,,California,,,4,Excellent,Excellent,,,,,Los Angeles,yes,,,N,,,,,,,,Medium,1,61.1,,,,,,,,58,,,6.55,LG691530094,,6.56,,None,,,This Laboratory Grown Diamond was created by Chemical Vapor Deposition (CVD) growth process and may,United States,,,,,,,,,,,,,,,,,,,,,,,,,,,,,,,,,,,DLB00915,,,Round 1.06ct E VVS2,,CVD,,,125,,https://v360.in/V360Images.aspx?cid=RAH&d=25QF-0289,https://v360.in/v360-viewer/2575/25QF-0289,https://api.igi.org/viewpdf.php?r=691530094,,,,,,,,,,,,,,G
,IGI,1.06,,,,Ideal,132.5,,None,,FALSE,TRUE,Round,E,None,VVS2,Do not have different prices for Memo and COD,,California,,,3.97,Excellent,Excellent,,,,,Los Angeles,yes,,,N,,,,,,,,Medium,1,59.9,,,,,,,,59,,,6.62,LG691529930,,6.66,,None,,,This Laboratory Grown Diamond was created by Chemical Vapor Deposition (CVD) growth process and may,United States,,,,,,,,,,,,,,,,,,,,,,,,,,,,,,,,,,,DLB00917,,,Round 1.06ct E VVS2,,CVD,,,125,,https://v360.in/V360Images.aspx?cid=RAH&d=25QF-0409,https://v360.in/v360-viewer/2575/25QF-0409,https://api.igi.org/viewpdf.php?r=691529930,,,,,,,,,,,,,,G
,IGI,1.07,,,,Ideal,133.75,,None,Slightly Thick,FALSE,TRUE,Round,D,None,VVS2,Do not have different prices for Memo and COD,,California,,,4.04,Excellent,Excellent,,,,,Los Angeles,yes,,,N,,,,,,,,Medium,1,61.7,,,,,,,,58,,,6.53,LG691557168,,6.56,,None,,,This Laboratory Grown Diamond was created by Chemical Vapor Deposition (CVD) growth process and may,United States,,,,,,,,,,,,,,,,,,,,,,,,,,,,,,,,,,,DLB00918,,,Round 1.07ct E VVS2,,CVD,,,125,,https://v360.in/V360Images.aspx?cid=RAH&d=25QF-0435,https://v360.in/v360-viewer/2575/25QF-0435,https://api.igi.org/viewpdf.php?r=691557168,,,,,,,,,,,,,,G
0.995447648,IGI,1.05,,,,Ideal,131.25,,None,Slightly Thick,FALSE,TRUE,Round,E,None,VVS2,Do not have different prices for Memo and COD,,California,,,3.99,Excellent,Excellent,,,,,Los Angeles,yes,,,N,,,,,,,,Medium,1,60.7,,,,,,,,59,,,6.56,LG693534416,,6.59,,None,,,,United States,,,,,,,,35,,,,,,,,,8181,,,,,,,,,,,,,,,,,8100,DLB00919,,,Round 1.05ct E VVS2,,CVD,,,125,,https://v360.in/v360-viewer/2575/still.jpg,https://v360.in/v360-viewer/2575/25QG-0325&btn=0&sv=0&z=0&btn=0&sv=0&z=0,https://api.igi.org/viewpdf.php?r=693534416,,,,,,,,,,,,,,G
,IGI,1.07,,,,Ideal,133.75,,None,,FALSE,TRUE,Round,E,None,VVS2,Do not have different prices for Memo and COD,,California,,,3.99,Excellent,Excellent,,,,,Los Angeles,yes,,,N,,,,,,,,Medium,1,60,,,,,,,,58,,,6.63,LG693534440,,6.69,,None,,,This Laboratory Grown Diamond was created by Chemical Vapor Deposition (CVD) growth process and may,United States,,,,,,,,,,,,,,,,,,,,,,,,,,,,,,,,,,,DLB00920,,,Round 1.07ct E VVS2,,CVD,,,125,,https://v360.in/V360Images.aspx?cid=RAH&d=25QG-0423,https://v360.in/v360-viewer/2575/25QG-0423,https://api.igi.org/viewpdf.php?r=693534440,,,,,,,,,,,,,,G
,IGI,1.06,,,,Ideal,132.5,,None,,FALSE,TRUE,Round,E,None,VVS2,Do not have different prices for Memo and COD,,California,,,3.99,Excellent,Excellent,,,,,Los Angeles,yes,,,N,,,,,,,,Medium,1,60.2,,,,,,,,59,,,6.61,LG693534421,,6.64,,None,,,This Laboratory Grown Diamond was created by Chemical Vapor Deposition (CVD) growth process and may,United States,,,,,,,,,,,,,,,,,,,,,,,,,,,,,,,,,,,DLB00921,,,Round 1.06ct E VVS2,,CVD,,,125,,https://v360.in/V360Images.aspx?cid=RAH&d=25QG-0395,https://v360.in/v360-viewer/2575/25QG-0395,https://api.igi.org/viewpdf.php?r=693534421,,,,,,,,,,,,,,G
0.993874426,IGI,1.05,,,,Ideal,131.25,,None,Slightly Thick,FALSE,TRUE,Round,E,None,VVS2,Do not have different prices for Memo and COD,,California,,,4.03,Excellent,Excellent,,,,,Los Angeles,yes,,,N,,,,,,,,Medium,1,62,,,,,,,,57,,,6.49,LG693534413,,6.53,,None,,,,United States,,,,,,,,35,,,,,,,,,9393,,,,,,,,,,,,,,,,,9300,DLB00923,,,Round 1.05ct E VVS2,,CVD,,,125,,https://v360.in/v360-viewer/2575/still.jpg,https://v360.in/v360-viewer/2575/25QG-0290&btn=0&sv=0&z=0&btn=0&sv=0&z=0,https://www.igi.org/viewpdf.php?r=693534413,,,,,,,,,,,,,,G
0.99244713,IGI,1.05,,,,Ideal,131.25,,None,,FALSE,TRUE,Round,E,None,VVS2,Do not have different prices for Memo and COD,,California,,,4,Excellent,Excellent,,,,,Los Angeles,yes,,,N,,,,,,,,Medium,1,60.7,,,,,,,,57,,,6.57,LG693534415,,6.62,,None,,,,United States,,,,,,,,35,,,,,,,,,9393,,,,,,,,,,,,,,,,,9300,DLB00924,,,Round 1.05ct E VVS2,,CVD,,,125,,https://v360.in/v360-viewer/2575/still.jpg,https://v360.in/v360-viewer/2575/25QG-0316&btn=0&sv=0&z=0&btn=0&sv=0&z=0,https://www.igi.org/viewpdf.php?r=693534415,,,,,,,,,,,,,,G
,IGI,1.05,,,,Ideal,131.25,,None,Slightly Thick,FALSE,TRUE,Round,E,None,VVS2,Do not have different prices for Memo and COD,,California,,,4.03,Excellent,Excellent,,,,,Los Angeles,yes,,,N,,,,,,,,Medium,1,61.6,,,,,,,,57,,,6.52,LG693534407,,6.56,,None,,,This Laboratory Grown Diamond was created by Chemical Vapor Deposition (CVD) growth process and may,United States,,,,,,,,,,,,,,,,,,,,,,,,,,,,,,,,,,,DLB00933,,,Round 1.05ct E VVS2,,CVD,,,125,,https://v360.in/V360Images.aspx?cid=RAH&d=25QD-0256,https://v360.in/v360-viewer/2575/25QD-0256,https://api.igi.org/viewpdf.php?r=689556325,,,,,,,,,,,,,,G
,IGI,1.01,,,,Ideal,126.25,,None,Slightly Thick,FALSE,TRUE,Round,E,None,VVS2,Do not have different prices for Memo and COD,,California,,,3.97,Excellent,Excellent,,,,,Los Angeles,yes,,,N,,,,,,,,Medium,1,61.6,,,,,,,,59,,,6.42,LG693544161,,6.46,,None,,,This Laboratory Grown Diamond was created by Chemical Vapor Deposition (CVD) growth process and may,United States,,,,,,,,,,,,,,,,,,,,,,,,,,,,,,,,,,,DLB00935,,,Round 1.01ct E VVS2,,CVD,,,125,,https://v360.in/V360Images.aspx?cid=RAH&d=25QH-0300,https://v360.in/v360-viewer/2575/25QH-0300,https://api.igi.org/viewpdf.php?r=693544161,,,,,,,,,,,,,,G
,IGI,1.02,,,,Ideal,127.5,,None,Slightly Thick,FALSE,TRUE,Round,D,None,VVS2,Do not have different prices for Memo and COD,,California,,,3.97,Excellent,Excellent,,,,,Los Angeles,yes,,,N,,,,,,,,Medium,1,61.2,,,,,,,,58,,,6.47,LG694557047,,6.52,,None,,,This Laboratory Grown Diamond was created by Chemical Vapor Deposition (CVD) growth process and may,United States,,,,,,,,,,,,,,,,,,,,,,,,,,,,,,,,,,,DLB00937,,,Round 1.02ct D VVS2,,CVD,,,125,,https://v360.in/V360Images.aspx?cid=RAH&d=25QI-0393,https://v360.in/v360-viewer/2575/25QI-0393,https://api.igi.org/viewpdf.php?r=694557047,,,,,,,,,,,,,,G
,IGI,1.05,,,,Ideal,131.25,,None,Slightly Thick,FALSE,TRUE,Round,E,None,VVS2,Do not have different prices for Memo and COD,,California,,,3.99,Excellent,Excellent,,,,,Los Angeles,yes,,,N,,,,,,,,Medium,1,60.9,,,,,,,,59,,,6.52,LG696534082,,6.56,,None,,,This Laboratory Grown Diamond was created by Chemical Vapor Deposition (CVD) growth process and may,United States,,,,,,,,,,,,,,,,,,,,,,,,,,,,,,,,,,,DLB00942,,,Round 1.05ct E VVS2,,CVD,,,125,,https://v360.in/V360Images.aspx?cid=RAH&d=25QL-0101,https://v360.in/v360-viewer/2575/25QL-0101,https://api.igi.org/viewpdf.php?r=696534082,,,,,,,,,,,,,,G
,IGI,1.05,,,,Ideal,131.25,,None,,FALSE,TRUE,Round,E,None,VVS2,Do not have different prices for Memo and COD,,California,,,3.96,Excellent,Excellent,,,,,Los Angeles,yes,,,N,,,,,,,,Medium,1,60,,,,,,,,59,,,6.59,LG696534079,,6.64,,None,,,This Laboratory Grown Diamond was created by Chemical Vapor Deposition (CVD) growth process and may,United States,,,,,,,,,,,,,,,,,,,,,,,,,,,,,,,,,,,DLB00943,,,Round 1.05ct E VVS2,,CVD,,,125,,https://v360.in/V360Images.aspx?cid=RAH&d=25QJ-0631,https://v360.in/v360-viewer/2575/25QJ-0631,https://api.igi.org/viewpdf.php?r=696534079,,,,,,,,,,,,,,G
,IGI,1.05,,,,Ideal,131.25,,None,Slightly Thick,FALSE,TRUE,Round,E,None,VVS2,Do not have different prices for Memo and COD,,California,,,3.94,Excellent,Excellent,,,,,Los Angeles,yes,,,N,,,,,,,,Medium,1,59.5,,,,,,,,59,,,6.6,LG696534076,,6.64,,None,,,This Laboratory Grown Diamond was created by Chemical Vapor Deposition (CVD) growth process and may,United States,,,,,,,,,,,,,,,,,,,,,,,,,,,,,,,,,,,DLB00944,,,Round 1.05ct E VVS2,,CVD,,,125,,https://v360.in/V360Images.aspx?cid=RAH&d=25QJ-0585,https://v360.in/v360-viewer/2575/25QJ-0585,https://api.igi.org/viewpdf.php?r=696534076,,,,,,,,,,,,,,G
,IGI,1.01,,,,Ideal,126.25,,None,,FALSE,TRUE,Round,E,None,VVS2,Do not have different prices for Memo and COD,,California,,,3.98,Excellent,Excellent,,,,,Los Angeles,yes,,,N,,,,,,,,Medium,1,62.5,,,,,,,,59,,,6.35,LG696549325,,6.38,,None,,,This Laboratory Grown Diamond was created by Chemical Vapor Deposition (CVD) growth process and may,United States,,,,,,,,,,,,,,,,,,,,,,,,,,,,,,,,,,,DLB00946,,,Round 1.01ct E VVS2,,CVD,,,125,,https://v360.in/V360Images.aspx?cid=RAH&d=25QL-0230,https://v360.in/v360-viewer/2575/25QL-0230,https://api.igi.org/viewpdf.php?r=696549325,,,,,,,,,,,,,,G
,IGI,1.05,,,,Ideal,131.25,,None,Slightly Thick,FALSE,TRUE,Round,E,None,VVS2,Do not have different prices for Memo and COD,,California,,,3.99,Excellent,Excellent,,,,,Los Angeles,yes,,,N,,,,,,,,Medium,1,60.6,,,,,,,,58,,,6.56,LG696566482,,6.61,,None,,,This Laboratory Grown Diamond was created by Chemical Vapor Deposition (CVD) growth process and may,United States,,,,,,,,,,,,,,,,,,,,,,,,,,,,,,,,,,,DLB00948,,,Round 1.05ct E VVS2,,CVD,,,125,,https://v360.in/V360Images.aspx?cid=RAH&d=25QM-0100,https://v360.in/v360-viewer/2575/25QM-0100,https://api.igi.org/viewpdf.php?r=696566482,,,,,,,,,,,,,,G
,IGI,1.06,,,,Ideal,132.5,,None,,FALSE,TRUE,Round,E,None,VVS2,Do not have different prices for Memo and COD,,California,,,4.01,Excellent,Excellent,,,,,Los Angeles,yes,,,N,,,,,,,,Medium,1,61.2,,,,,,,,58,,,6.55,LG685596066,,6.59,,None,,,This Laboratory Grown Diamond was created by Chemical Vapor Deposition (CVD) growth process and may,United States,,,,,,,,,,,,,,,,,,,,,,,,,,,,,,,,,,,DLB00951,,,Round 1.06ct E VVS2,,CVD,,,125,,https://v360.in/V360Images.aspx?cid=RAH&d=25PZ-0215,https://v360.in/v360-viewer/2575/25PZ-0215,https://api.igi.org/viewpdf.php?r=685596066,,,,,,,,,,,,,,G
,IGI,1.06,,,,Ideal,132.5,,None,Slightly Thick,FALSE,TRUE,Round,E,None,VVS2,Do not have different prices for Memo and COD,,California,,,3.98,Excellent,Excellent,,,,,Los Angeles,yes,,,N,,,,,,,,Medium,1,60.1,,,,,,,,58,,,6.6,LG685591833,,6.66,,None,,,This Laboratory Grown Diamond was created by Chemical Vapor Deposition (CVD) growth process and may,United States,,,,,,,,,,,,,,,,,,,,,,,,,,,,,,,,,,,DLB00952,,,Round 1.06ct E VVS2,,CVD,,,125,,https://v360.in/V360Images.aspx?cid=RAH&d=25PZ-0199,https://v360.in/v360-viewer/2575/25PZ-0199,https://api.igi.org/viewpdf.php?r=685591833,,,,,,,,,,,,,,G
,IGI,1.06,,,,Ideal,132.5,,None,,FALSE,TRUE,Round,E,None,VVS2,Do not have different prices for Memo and COD,,California,,,4.06,Excellent,Excellent,,,,,Los Angeles,yes,,,N,,,,,,,,Medium,1,62.4,,,,,,,,57,,,6.49,LG684501117,,6.51,,None,,,This Laboratory Grown Diamond was created by Chemical Vapor Deposition (CVD) growth process and may,United States,,,,,,,,,,,,,,,,,,,,,,,,,,,,,,,,,,,DLB00953,,,Round 1.06ct E VVS2,,CVD,,,125,,https://v360.in/V360Images.aspx?cid=RAH&d=25PY-0463,https://v360.in/v360-viewer/2575/25PY-0463,https://api.igi.org/viewpdf.php?r=684501117,,,,,,,,,,,,,,G
,IGI,1.06,,,,Ideal,132.5,,None,,FALSE,TRUE,Round,D,None,VVS2,Do not have different prices for Memo and COD,,California,,,4.05,Excellent,Excellent,,,,,Los Angeles,yes,,,N,,,,,,,,Medium,1,61.9,,,,,,,,58,,,6.53,LG685550897,,6.56,,None,,,This Laboratory Grown Diamond was created by Chemical Vapor Deposition (CVD) growth process and may,United States,,,,,,,,,,,,,,,,,,,,,,,,,,,,,,,,,,,DLB00954,,,Round 1.06ct D VVS2,,CVD,,,125,,https://v360.in/V360Images.aspx?cid=RAH&d=25PV-0110,https://api.igi.org/viewpdf.php?r=685550897,https://api.igi.org/viewpdf.php?r=685550897,,,,,,,,,,,,,,G
,IGI,1.01,,,,Ideal,126.25,,None,,FALSE,TRUE,Round,E,None,VVS2,Do not have different prices for Memo and COD,,California,,,3.93,Excellent,Excellent,,,,,Los Angeles,yes,,,N,,,,,,,,Medium,1,60.6,,,,,,,,56,,,6.48,LG690503838,,6.5,,None,,,This Laboratory Grown Diamond was created by Chemical Vapor Deposition (CVD) growth process and may,United States,,,,,,,,,,,,,,,,,,,,,,,,,,,,,,,,,,,DLB00955,,,Round 1.01ct E VVS2,,CVD,,,125,,https://v360.in/V360Images.aspx?cid=RAH&d=25QE-0043,https://v360.in/v360-viewer/2575/25QE-0043,https://api.igi.org/viewpdf.php?r=690503838,,,,,,,,,,,,,,G
,IGI,1.06,,,,Ideal,132.5,,None,,FALSE,TRUE,Round,D,None,VVS2,Do not have different prices for Memo and COD,,California,,,3.97,Excellent,Excellent,,,,,Los Angeles,yes,,,N,,,,,,,,Medium,1,60,,,,,,,,59,,,6.61,LG690503906,,6.64,,None,,,This Laboratory Grown Diamond was created by Chemical Vapor Deposition (CVD) growth process and may,United States,,,,,,,,,,,,,,,,,,,,,,,,,,,,,,,,,,,DLB00956,,,Round 1.05ct D VVS2,,CVD,,,125,,https://v360.in/V360Images.aspx?cid=RAH&d=25QE-0036,https://v360.in/v360-viewer/2575/25QE-0036,https://api.igi.org/viewpdf.php?r=690503906,,,,,,,,,,,,,,G
,IGI,1.06,,,,Ideal,132.5,,None,,FALSE,TRUE,Round,D,None,VVS2,Do not have different prices for Memo and COD,,California,,,3.98,Excellent,Excellent,,,,,Los Angeles,yes,,,N,,,,,,,,Medium,1,60.3,,,,,,,,59,,,6.59,LG690503817,,6.64,,None,,,This Laboratory Grown Diamond was created by Chemical Vapor Deposition (CVD) growth process and may,United States,,,,,,,,,,,,,,,,,,,,,,,,,,,,,,,,,,,DLB00960,,,Round 1.06ct D VVS2,,CVD,,,125,,https://v360.in/V360Images.aspx?cid=RAH&d=25QD-0434,https://v360.in/v360-viewer/2575/25QD-0434,https://api.igi.org/viewpdf.php?r=690503817,,,,,,,,,,,,,,G
,IGI,1.06,,,,Ideal,132.5,,None,,FALSE,TRUE,Round,D,None,VVS2,Do not have different prices for Memo and COD,,California,,,4,Excellent,Excellent,,,,,Los Angeles,yes,,,N,,,,,,,,Medium,1,60.5,,,,,,,,59,,,6.6,LG691502378,,6.63,,None,,,This Laboratory Grown Diamond was created by Chemical Vapor Deposition (CVD) growth process and may,United States,,,,,,,,,,,,,,,,,,,,,,,,,,,,,,,,,,,DLB00966,,,Round 1.06ct D VVS2,,CVD,,,125,,https://v360.in/V360Images.aspx?cid=RAH&d=25QF-0137,https://v360.in/v360-viewer/2575/25QF-0137,https://api.igi.org/viewpdf.php?r=691502378,,,,,,,,,,,,,,G
,IGI,1.05,,,,Ideal,131.25,,None,,FALSE,TRUE,Round,E,None,VVS2,Do not have different prices for Memo and COD,,California,,,4,Excellent,Excellent,,,,,Los Angeles,yes,,,N,,,,,,,,Medium,1,60.7,,,,,,,,58,,,6.58,LG693544179,,6.61,,None,,,This Laboratory Grown Diamond was created by Chemical Vapor Deposition (CVD) growth process and may,United States,,,,,,,,,,,,,,,,,,,,,,,,,,,,,,,,,,,DLB00967,,,Round 1.05ct E VVS2,,CVD,,,125,,https://v360.in/V360Images.aspx?cid=RAH&d=25QH-0268,https://v360.in/v360-viewer/2575/25QH-0268,https://api.igi.org/viewpdf.php?r=693544179,,,,,,,,,,,,,,G
,IGI,1.07,,,,Ideal,133.75,,None,,FALSE,TRUE,Round,E,None,VVS2,Do not have different prices for Memo and COD,,California,,,4.01,Excellent,Excellent,,,,,Los Angeles,yes,,,N,,,,,,,,Medium,1,60.3,,,,,,,,59,,,6.63,LG693544192,,6.66,,None,,,This Laboratory Grown Diamond was created by Chemical Vapor Deposition (CVD) growth process and may,United States,,,,,,,,,,,,,,,,,,,,,,,,,,,,,,,,,,,DLB00968,,,Round 1.07ct E VVS2,,CVD,,,125,,https://v360.in/V360Images.aspx?cid=RAH&d=25QH-0245,https://v360.in/v360-viewer/2575/25QH-0245,https://api.igi.org/viewpdf.php?r=693544192,,,,,,,,,,,,,,G
,IGI,1.07,,,,Ideal,133.75,,None,,FALSE,TRUE,Round,E,None,VVS2,Do not have different prices for Memo and COD,,California,,,4.03,Excellent,Excellent,,,,,Los Angeles,yes,,,N,,,,,,,,Medium,1,61,,,,,,,,58,,,6.6,LG693544189,,6.63,,None,,,This Laboratory Grown Diamond was created by Chemical Vapor Deposition (CVD) growth process and may,United States,,,,,,,,,,,,,,,,,,,,,,,,,,,,,,,,,,,DLB00969,,,Round 1.07ct E VVS2,,CVD,,,125,,https://v360.in/V360Images.aspx?cid=RAH&d=25QH-0162,https://v360.in/v360-viewer/2575/25QH-0162,https://api.igi.org/viewpdf.php?r=693544189,,,,,,,,,,,,,,G
,IGI,1.07,,,,Ideal,133.75,,None,,FALSE,TRUE,Round,E,None,VVS2,Do not have different prices for Memo and COD,,California,,,4.02,Excellent,Excellent,,,,,Los Angeles,yes,,,N,,,,,,,,Medium,1,60.7,,,,,,,,58,,,6.61,LG693544190,,6.63,,None,,,This Laboratory Grown Diamond was created by Chemical Vapor Deposition (CVD) growth process and may,United States,,,,,,,,,,,,,,,,,,,,,,,,,,,,,,,,,,,DLB00970,,,Round 1.07ct E VVS2,,CVD,,,125,,https://v360.in/V360Images.aspx?cid=RAH&d=25QH-0178,https://v360.in/v360-viewer/2575/25QH-0178,https://api.igi.org/viewpdf.php?r=693544190,,,,,,,,,,,,,,G
,IGI,1.05,,,,Ideal,131.25,,None,,FALSE,TRUE,Round,E,None,VVS2,Do not have different prices for Memo and COD,,California,,,3.99,Excellent,Excellent,,,,,Los Angeles,yes,,,N,,,,,,,,Medium,1,60.7,,,,,,,,59,,,6.57,LG694557078,,6.6,,None,,,This Laboratory Grown Diamond was created by Chemical Vapor Deposition (CVD) growth process and may,United States,,,,,,,,,,,,,,,,,,,,,,,,,,,,,,,,,,,DLB00976,,,Round 1.05ct E VVS2,,CVD,,,125,,https://v360.in/V360Images.aspx?cid=RAH&d=25QI-0438,https://v360.in/v360-viewer/2575/25QI-0438,https://api.igi.org/viewpdf.php?r=694557078,,,,,,,,,,,,,,G
0.995391705,IGI,1.01,,,,Ideal,126.25,,None,,FALSE,TRUE,Round,D,None,VVS2,Do not have different prices for Memo and COD,,California,,,3.95,Excellent,Excellent,,,,,Los Angeles,yes,,,N,,,,,,,,Medium,1,60.7,,,,,,,,58,,,6.48,LG694582143,,6.51,,None,,,,United States,,,,,,,,35,,,,,,,,,10302,,,,,,,,,,,,,,,,,10200,DLB00979,,,Round 1.01ct D VVS2,,CVD,,,125,,https://v360.in/v360-viewer/2575/still.jpg,https://v360.in/v360-viewer/2575/25QI-0584&btn=0&sv=0&z=0&btn=0&sv=0&z=0,https://www.igi.org/viewpdf.php?r=694582143,,,,,,,,,,,,,,G
,IGI,1.02,,,,Ideal,127.5,,None,,FALSE,TRUE,Round,D,None,VVS2,Do not have different prices for Memo and COD,,California,,,3.9,Excellent,Excellent,,,,,Los Angeles,yes,,,N,,,,,,,,Medium,1,59.3,,,,,,,,59,,,6.57,LG694582142,,6.6,,None,,,,United States,,,,,,,,,,,,,,,,,,,,,,,,,,,,,,,,,,,DLB00982,,,Round 1.02ct D VVS2,,CVD,,,125,,https://v360.in/V360Images.aspx?cid=RAH&d=25QI-0583,https://v360.in/v360-viewer/2575/25QI-0583,https://api.igi.org/viewpdf.php?r=694582142,,,,,,,,,,,,,,G
,IGI,1.05,,,,Ideal,131.25,,None,,FALSE,TRUE,Round,E,None,VVS2,Do not have different prices for Memo and COD,,California,,,4.02,Excellent,Excellent,,,,,Los Angeles,yes,,,N,,,,,,,,Medium,1,61.9,,,,,,,,58,,,6.48,LG696566489,,6.51,,None,,,,United States,,,,,,,,,,,,,,,,,,,,,,,,,,,,,,,,,,,DLB00992,,,Round 1.05ct E VVS2,,CVD,,,125,,https://v360.in/V360Images.aspx?cid=RAH&d=25QM-0145,https://v360.in/v360-viewer/2575/25QM-0145,https://api.igi.org/viewpdf.php?r=696566489,,,,,,,,,,,,,,G
,IGI,1.05,,,,Ideal,131.25,,None,,FALSE,TRUE,Round,E,None,VVS2,Do not have different prices for Memo and COD,,California,,,4,Excellent,Excellent,,,,,Los Angeles,yes,,,N,,,,,,,,Medium,1,61,,,,,,,,57,,,6.56,LG696566497,,6.58,,None,,,,United States,,,,,,,,,,,,,,,,,,,,,,,,,,,,,,,,,,,DLB00993,,,Round 1.05ct E VVS2,,CVD,,,125,,https://v360.in/V360Images.aspx?cid=RAH&d=25QM-0189,https://v360.in/v360-viewer/2575/25QM-0189,https://api.igi.org/viewpdf.php?r=696566497,,,,,,,,,,,,,,G
,IGI,1.02,,,,Ideal,127.5,,None,,FALSE,TRUE,Round,D,None,VVS2,Do not have different prices for Memo and COD,,California,,,3.94,Excellent,Excellent,,,,,Los Angeles,yes,,,N,,,,,,,,Medium,1,60.2,,,,,,,,59,,,6.52,LG694557044,,6.58,,None,,,,United States,,,,,,,,,,,,,,,,,,,,,,,,,,,,,,,,,,,DLB00994,,,Round 1.02ct D VVS2,,CVD,,,125,,https://v360.in/V360Images.aspx?cid=RAH&d=25QI-0375,https://v360.in/v360-viewer/2575/25QI-0375,https://api.igi.org/viewpdf.php?r=694557044,,,,,,,,,,,,,,G
,IGI,1.07,,,,Ideal,133.75,,None,,FALSE,TRUE,Round,E,None,VVS2,Do not have different prices for Memo and COD,,California,,,4.02,Excellent,Excellent,,,,,Los Angeles,yes,,,N,,,,,,,,Medium,1,61,,,,,,,,59,,,6.57,LG693534435,,6.61,,None,,,,United States,,,,,,,,,,,,,,,,,,,,,,,,,,,,,,,,,,,DLB00995,,,Round 1.07ct E VVS2,,CVD,,,125,,https://v360.in/V360Images.aspx?cid=RAH&d=25QG-0299,https://v360.in/v360-viewer/2575/25QG-0299,https://api.igi.org/viewpdf.php?r=693534435,,,,,,,,,,,,,,G
1.042007001,IGI,4.2,,,,Ideal,462,,None,,FALSE,TRUE,Princess,E,None,VS2,Do not have different prices for Memo and COD,,California,,47.7,6.17,Excellent,Excellent,,,,,Los Angeles,yes,,,N,,,,,,38.3,,Medium,1,72,,,,,,,12,69,,57.5,8.93,LG594320216,,8.57,,None,,,This Laboratory Grown Diamond was created by Chemical Vapor Deposition (CVD) growth process and may,United States,,,,,,,,27,,,,,,,,,144900,,,,,,,,,,,,,,,,,34500,DLB00142,,,Princess 4.20ct E VS2,,CVD,,,110,,https://mycertdiamvids.com/Videos/R114745A/still.jpg,https://mycertdiamvids.com/Videos/R114745A/R114745A.html,https://www.igi.org/viewpdf.php?r=594320216,,,,,,,,,,,,,,G
0.995846314,IGI,3.47,,,,Excellent,416.4,,None,Slightly Thick,FALSE,TRUE,Round,E,None,VS2,Do not have different prices for Memo and COD,,California,,36.7,6.03,Excellent,Excellent,,,,,Los Angeles,yes,,,N,,,,,,40.8,,Medium,1,62.7,,,,,,,16,57,,43,9.59,LG596317693,,9.63,,None,,,This Laboratory Grown Diamond was created by Chemical Vapor Deposition (CVD) growth process and may,United States,,,,,,,,27,,,,,,,,,91955,,,,,,,,,,,,,,,,,26500,DLB00275,,,Round 3.47ct E VS2,,CVD,,,120,,https://mycertdiamvids.com/Videos/R114641A/still.jpg,https://mycertdiamvids.com/Videos/R114641A/R114641A.html,https://www.igi.org/viewpdf.php?r=596317693,,,,,,,,,,,,,,G
0.995079951,IGI ,2.02,,,,Ideal,242.4,,None,,FALSE,TRUE,Round,E,None,VVS2,Do not have different prices for Memo and COD,,California,,,4.95,Very Good,Excellent,,,,,Los Angeles,yes,,,N,,,,,,,,,1,61,,,,,,,,,,,8.09,LG760545817,,8.13,,None,,,,United States,,,,,,,,35,,,,,,,,,42420,,,,,,,,,,,,,,,,,21000,DLB001101,,,Round 2.02ct E VVS2,,CVD,,,120,,https://v360.diamonds/c/48cd6dcb-2aeb-4b10-84f7-f1ac2f104a73?m=t&a=25CO-0416,https://v360.diamonds/c/48cd6dcb-2aeb-4b10-84f7-f1ac2f104a73?m=d&a=25CO-0416&btn=0&sv=0&z=0,,,,,,,,,,,,,,,G
0.990012484,IGI ,2.01,,,,Excellent,241.2,,None,,FALSE,TRUE,Round,E,None,VVS2,Do not have different prices for Memo and COD,,California,,,5.03,Excellent,Excellent,,,,,Los Angeles,yes,,,N,,,,,,,,,1,63.1,,,,,,,,,,,7.93,LG762567088,,8.01,,None,,,,United States,,,,,,,,35,,,,,,,,,42210,,,,,,,,,,,,,,,,,21000,DLB001103,,,Round 2.01ct E VVS2,,CVD,,,120,,https://v360.in/V360Images.aspx?cid=RAH&d=25CW-0243,https://v360.in/viewer4.0/vision360.html?d=25CW-0243&surl=https://s10.v360.in/images/company/2575/&btn=0&sv=0&z=0,,,,,,,,,,,,,,,G
0.993865031,IGI ,2.01,,,,Ideal,241.2,,None,,FALSE,TRUE,Round,E,None,VVS2,Do not have different prices for Memo and COD,,California,,,4.97,Excellent,Excellent,,,,,Los Angeles,yes,,,N,,,,,,,,,1,61.2,,,,,,,,,,,8.1,LG762568494,,8.15,,None,,,,United States,,,,,,,,35,,,,,,,,,42210,,,,,,,,,,,,,,,,,21000,DLB001106,,,Round 2.01ct E VVS2,,CVD,,,120,,https://v360.in/V360Images.aspx?cid=RAH&d=25CW-0438,https://v360.in/viewer4.0/vision360.html?d=25CW-0438&surl=https://s10.v360.in/images/company/2575/&btn=0&sv=0&z=0,,,,,,,,,,,,,,,G
0.995061728,IGI ,2.01,,,,Ideal,241.2,,None,,FALSE,TRUE,Round,E,None,VVS2,Do not have different prices for Memo and COD,,California,,,4.97,Excellent,Excellent,,,,,Los Angeles,yes,,,N,,,,,,,,,1,61.5,,,,,,,,,,,8.06,LG767609566,,8.1,,None,,,,United States,,,,,,,,35,,,,,,,,,42210,,,,,,,,,,,,,,,,,21000,DLB001108,,,Round 2.01ct E VVS2,,CVD,,,120,,https://v360.diamonds/c/48cd6dcb-2aeb-4b10-84f7-f1ac2f104a73?m=t&a=25CW-0483,https://v360.diamonds/c/48cd6dcb-2aeb-4b10-84f7-f1ac2f104a73?m=d&a=25CW-0483&btn=0&sv=0&z=0,,,,,,,,,,,,,,,G
0.992619926,IGI ,2.01,,,,Ideal,241.2,,None,,FALSE,TRUE,Round,E,None,VVS2,Do not have different prices for Memo and COD,,California,,,4.93,Excellent,Excellent,,,,,Los Angeles,yes,,,N,,,,,,,,,1,60.9,,,,,,,,,,,8.07,LG767609357,,8.13,,None,,,,United States,,,,,,,,35,,,,,,,,,42210,,,,,,,,,,,,,,,,,21000,DLB001109,,,Round 2.01ct E VVS2,,CVD,,,120,,https://v360.in/V360Images.aspx?cid=RAH&d=25CW-0496,https://v360.in/viewer4.0/vision360.html?d=25CW-0496&surl=https://s10.v360.in/images/company/2575/&btn=0&sv=0&z=0,,,,,,,,,,,,,,,G
0.995055624,IGI ,2.01,,,,Ideal,241.2,,None,,FALSE,TRUE,Round,E,None,VVS2,Do not have different prices for Memo and COD,,California,,,4.94,Excellent,Excellent,,,,,Los Angeles,yes,,,N,,,,,,,,,1,61.2,,,,,,,,,,,8.05,LG768645052,,8.09,,None,,,,United States,,,,,,,,35,,,,,,,,,42210,,,,,,,,,,,,,,,,,21000,DLB001110,,,Round 2.01ct E VVS2,,CVD,,,120,,https://v360.in/V360Images.aspx?cid=RAH&d=25CW-0719,https://v360.in/viewer4.0/vision360.html?d=25CW-0719&surl=https://s10.v360.in/images/company/2575/&btn=0&sv=0&z=0,,,,,,,,,,,,,,,G
0.995043371,IGI ,2.01,,,,Ideal,241.2,,None,,FALSE,TRUE,Round,E,None,VVS2,Do not have different prices for Memo and COD,,California,,,5.02,Excellent,Excellent,,,,,Los Angeles,yes,,,N,,,,,,,,,1,62.4,,,,,,,,,,,8.03,LG768645089,,8.07,,None,,,,United States,,,,,,,,35,,,,,,,,,42210,,,,,,,,,,,,,,,,,21000,DLB001111,,,Round 2.01ct E VVS2,,CVD,,,120,,https://v360.in/V360Images.aspx?cid=RAH&d=25CW-0731,https://v360.in/viewer4.0/vision360.html?d=25CW-0731&surl=https://s10.v360.in/images/company/2575/&btn=0&sv=0&z=0,,,,,,,,,,,,,,,G
0.996341463,IGI ,2.03,,,,Ideal,243.6,,None,,FALSE,TRUE,Round,E,None,VVS2,Do not have different prices for Memo and COD,,California,,,4.94,Excellent,Excellent,,,,,Los Angeles,yes,,,N,,,,,,,,,1,60.4,,,,,,,,,,,8.17,LG762567733,,8.2,,None,,,,United States,,,,,,,,35,,,,,,,,,42630,,,,,,,,,,,,,,,,,21000,DLB001112,,,Round 2.03ct E VVS2,,CVD,,,120,,https://v360.in/V360Images.aspx?cid=RAH&d=25CY-0125,https://v360.in/viewer4.0/vision360.html?d=25CY-0125&surl=https://s10.v360.in/images/company/2575/&btn=0&sv=0&z=0,,,,,,,,,,,,,,,G
0.992691839,IGI ,2.01,,,,Excellent,241.2,,None,,FALSE,TRUE,Round,E,None,VVS2,Do not have different prices for Memo and COD,,California,,,4.92,Excellent,Excellent,,,,,Los Angeles,yes,,,N,,,,,,,,,1,60.1,,,,,,,,,,,8.15,LG762567737,,8.21,,None,,,,United States,,,,,,,,35,,,,,,,,,42210,,,,,,,,,,,,,,,,,21000,DLB001113,,,Round 2.01ct E VVS2,,CVD,,,120,,https://v360.in/V360Images.aspx?cid=RAH&d=25CY-0130,https://v360.in/viewer4.0/vision360.html?d=25CY-0130&surl=https://s10.v360.in/images/company/2575/&btn=0&sv=0&z=0,,,,,,,,,,,,,,,G
0.992656059,IGI ,2.05,,,,Ideal,246,,None,,FALSE,TRUE,Round,E,None,VVS2,Do not have different prices for Memo and COD,,California,,,5.04,Excellent,Excellent,,,,,Los Angeles,yes,,,N,,,,,,,,,1,61.9,,,,,,,,,,,8.11,LG762568504,,8.17,,None,,,,United States,,,,,,,,35,,,,,,,,,43050,,,,,,,,,,,,,,,,,21000,DLB001115,,,Round 2.05ct E VVS2,,CVD,,,120,,https://v360.in/V360Images.aspx?cid=RAH&d=25CY-0151,https://v360.in/viewer4.0/vision360.html?d=25CY-0154&surl=https://s10.v360.in/images/company/2575/&btn=0&sv=0&z=0,,,,,,,,,,,,,,,G
0.996314496,IGI ,2.05,,,,Ideal,246,,None,,FALSE,TRUE,Round,E,None,VVS2,Do not have different prices for Memo and COD,,California,,,5.03,Excellent,Excellent,,,,,Los Angeles,yes,,,N,,,,,,,,,1,61.9,,,,,,,,,,,8.11,LG762568506,,8.14,,None,,,,United States,,,,,,,,35,,,,,,,,,43050,,,,,,,,,,,,,,,,,21000,DLB001116,,,Round 2.05ct E VVS2,,CVD,,,120,,https://v360.in/V360Images.aspx?cid=RAH&d=25CY-0154,https://v360.in/viewer4.0/vision360.html?d=25CY-0154&surl=https://s10.v360.in/images/company/2575/&btn=0&sv=0&z=0,,,,,,,,,,,,,,,G
0.996314496,IGI ,2.03,,,,Ideal,243.6,,None,,FALSE,TRUE,Round,E,None,VVS2,Do not have different prices for Memo and COD,,California,,,4.98,Excellent,Excellent,,,,,Los Angeles,yes,,,N,,,,,,,,,1,61.3,,,,,,,,,,,8.11,LG762568508,,8.14,,None,,,,United States,,,,,,,,35,,,,,,,,,42630,,,,,,,,,,,,,,,,,21000,DLB001118,,,Round 2.03ct E VVS2,,CVD,,,120,,https://v360.in/V360Images.aspx?cid=RAH&d=25CY-0159,https://v360.in/viewer4.0/vision360.html?d=25CY-0159&surl=https://s10.v360.in/images/company/2575/&btn=0&sv=0&z=0,,,,,,,,,,,,,,,G
0.996309963,IGI ,2.04,,,,Ideal,244.8,,None,,FALSE,TRUE,Round,E,None,VVS2,Do not have different prices for Memo and COD,,California,,,5.01,Excellent,Excellent,,,,,Los Angeles,yes,,,N,,,,,,,,,1,61.7,,,,,,,,,,,8.1,LG762568509,,8.13,,None,,,,United States,,,,,,,,35,,,,,,,,,42840,,,,,,,,,,,,,,,,,21000,DLB001119,,,Round 2.04ct E VVS2,,CVD,,,120,,https://v360.in/V360Images.aspx?cid=RAH&d=25CY-0160,https://v360.in/viewer4.0/vision360.html?d=25CY-0160&surl=https://s10.v360.in/images/company/2575/&btn=0&sv=0&z=0,,,,,,,,,,,,,,,G
0.997536946,IGI ,2.03,,,,Ideal,243.6,,None,,FALSE,TRUE,Round,E,None,VVS2,Do not have different prices for Memo and COD,,California,,,5,Excellent,Excellent,,,,,Los Angeles,yes,,,N,,,,,,,,,1,61.7,,,,,,,,,,,8.1,LG762568510,,8.12,,None,,,,United States,,,,,,,,35,,,,,,,,,42630,,,,,,,,,,,,,,,,,21000,DLB001120,,,Round 2.03ct E VVS2,,CVD,,,120,,https://v360.in/V360Images.aspx?cid=RAH&d=25CY-0163,https://v360.in/viewer4.0/vision360.html?d=25CY-0163&surl=https://s10.v360.in/images/company/2575/&btn=0&sv=0&z=0,,,,,,,,,,,,,,,
0.995049505,IGI ,2.01,,,,Ideal,241.2,,None,,FALSE,TRUE,Round,E,None,VVS2,Do not have different prices for Memo and COD,,California,,,5.03,Excellent,Excellent,,,,,Los Angeles,yes,,,N,,,,,,,,,1,62.4,,,,,,,,,,,8.04,LG764699274,,8.08,,None,,,,United States,,,,,,,,35,,,,,,,,,42210,,,,,,,,,,,,,,,,,21000,DLB001121,,,Round 2.01ct E VVS2,,CVD,,,120,,https://v360.in/V360Images.aspx?cid=RAH&d=25CY-0192,https://v360.in/viewer4.0/vision360.html?d=25CY-0192&surl=https://s10.v360.in/images/company/2575/&btn=0&sv=0&z=0,,,,,,,,,,,,,,,G
0.996336996,IGI ,2.03,,,,Ideal,243.6,,None,,FALSE,TRUE,Round,E,None,VVS2,Do not have different prices for Memo and COD,,California,,,4.99,Excellent,Excellent,,,,,Los Angeles,yes,,,N,,,,,,,,,1,61,,,,,,,,,,,8.16,LG764699275,,8.19,,None,,,,United States,,,,,,,,35,,,,,,,,,42630,,,,,,,,,,,,,,,,,21000,DLB001122,,,Round 2.03ct E VVS2,,CVD,,,120,,https://v360.in/V360Images.aspx?cid=RAH&d=25CY-0193,https://v360.in/viewer4.0/vision360.html?d=25CY-0192&surl=https://s10.v360.in/images/company/2575/&btn=0&sv=0&z=0,,,,,,,,,,,,,,,G
0.996319018,IGI ,2.01,,,,Ideal,241.2,,None,,FALSE,TRUE,Round,E,None,VVS2,Do not have different prices for Memo and COD,,California,,,4.95,Excellent,Excellent,,,,,Los Angeles,yes,,,N,,,,,,,,,1,60.8,,,,,,,,,,,8.12,LG764699278,,8.15,,None,,,,United States,,,,,,,,35,,,,,,,,,42210,,,,,,,,,,,,,,,,,21000,DLB001123,,,Round 2.01ct E VVS2,,CVD,,,120,,https://v360.in/V360Images.aspx?cid=RAH&d=25CY-0198,https://v360.in/viewer4.0/vision360.html?d=25CY-0198&surl=https://s10.v360.in/images/company/2575/&btn=0&sv=0&z=0,,,,,,,,,,,,,,,G
0.996309963,IGI,2.04,,,,Ideal,244.8,,None,,FALSE,TRUE,Round,E,None,VVS2,Do not have different prices for Memo and COD,,California,,,5.01,Excellent,Excellent,,,,,Los Angeles,yes,,,N,,,,,,,,,1,61.7,,,,,,,,,,,8.1,LG764699279,,8.13,,None,,,,United States,,,,,,,,35,,,,,,,,,42840,,,,,,,,,,,,,,,,,21000,DLB001124,,,Round 2.04ct E VVS2,,CVD,,,120,,https://v360.in/V360Images.aspx?cid=RAH&d=25CY-0202,https://v360.in/viewer4.0/vision360.html?d=25CY-0198&surl=https://s10.v360.in/images/company/2575/&btn=0&sv=0&z=0,https://api.igi.org/viewpdf.php?r=764699279,,,,,,,,,,,,,,G
,IGI,2.05,,,,Ideal,246,,None,,FALSE,TRUE,Round,E,None,VVS2,Do not have different prices for Memo and COD,,California,,,5,Excellent,Excellent,,,,,Los Angeles,yes,,,N,,,,,,,,,1,61.3,,,,,,,33.7,58,,,8.15,LG764699280,,8.18,,None,,,,United States,,,,,,,,,,,,,,,,,,,,,,,,,,,,,,,,,,,DLB001125,,,Round 2.05ct E VVS2,,CVD,,,120,,https://v360.in/V360Images.aspx?cid=RAH&d=25CY-0204,https://v360.in/viewer4.0/vision360.html?d=25CY-0204&surl=https://s10.v360.in/images/company/2575/,https://api.igi.org/viewpdf.php?r=764699280,,,,,,,,,,,,,,G
,IGI,2.05,,,,Ideal,246,,None,,FALSE,TRUE,Round,E,None,VVS2,Do not have different prices for Memo and COD,,California,,,4.98,Excellent,Excellent,,,,,Los Angeles,yes,,,N,,,,,,,,,1,61,,,,,,,34.2,59,,,8.15,LG764699285,,8.17,,None,,,,United States,,,,,,,,,,,,,,,,,,,,,,,,,,,,,,,,,,,DLB001126,,,Round 2.05ct E VVS2,,CVD,,,120,,https://v360.in/V360Images.aspx?cid=RAH&d=25CY-0221,https://v360.in/viewer4.0/vision360.html?d=25CY-0221&surl=https://s10.v360.in/images/company/2575/,https://api.igi.org/viewpdf.php?r=764699285,,,,,,,,,,,,,,G
,IGI,2.05,,,,Ideal,246,,None,,FALSE,TRUE,Round,E,None,VVS2,Do not have different prices for Memo and COD,,California,,,5,Excellent,Excellent,,,,,Los Angeles,yes,,,N,,,,,,,,,1,61.1,,,,,,,33.4,58,,,8.16,LG764699286,,8.2,,None,,,,United States,,,,,,,,,,,,,,,,,,,,,,,,,,,,,,,,,,,DLB001127,,,Round 2.05ct E VVS2,,CVD,,,120,,https://v360.in/V360Images.aspx?cid=RAH&d=25CY-0222,https://v360.in/viewer4.0/vision360.html?d=25CY-0222&surl=https://s10.v360.in/images/company/2575/,https://api.igi.org/viewpdf.php?r=764699286,,,,,,,,,,,,,,G
,IGI,2.03,,,,Ideal,243.6,,None,,FALSE,TRUE,Round,E,None,VVS2,Do not have different prices for Memo and COD,,California,,,5.03,Excellent,Excellent,,,,,Los Angeles,yes,,,N,,,,,,,,,1,62.3,,,,,,,35.3,58,,,8.06,LG764699287,,8.11,,None,,,,United States,,,,,,,,,,,,,,,,,,,,,,,,,,,,,,,,,,,DLB001128,,,Round 2.03ct E VVS2,,CVD,,,120,,https://v360.in/V360Images.aspx?cid=RAH&d=25CY-0222,https://v360.in/viewer4.0/vision360.html?d=25CY-0224&surl=https://s10.v360.in/images/company/2575/,https://api.igi.org/viewpdf.php?r=764699287,,,,,,,,,,,,,,G
,IGI,2.05,,,,Ideal,246,,None,,FALSE,TRUE,Round,E,None,VVS2,Do not have different prices for Memo and COD,,California,,,5.02,Excellent,Excellent,,,,,Los Angeles,yes,,,N,,,,,,,,,1,61.7,,,,,,,34.5,58,,,8.12,LG764699288,,8.14,,None,,,,United States,,,,,,,,,,,,,,,,,,,,,,,,,,,,,,,,,,,DLB001129,,,Round 2.05ct E VVS2,,CVD,,,120,,https://v360.in/V360Images.aspx?cid=RAH&d=25CY-0225,https://v360.in/viewer4.0/vision360.html?d=25CY-0225&surl=https://s10.v360.in/images/company/2575/,https://api.igi.org/viewpdf.php?r=764699288,,,,,,,,,,,,,,G
,IGI,2.02,,,,Ideal,242.4,,None,,FALSE,TRUE,Round,E,None,VVS2,Do not have different prices for Memo and COD,,California,,,5.02,Excellent,Excellent,,,,,Los Angeles,yes,,,N,,,,,,,,,1,62,,,,,,,36,57,,,8.07,LG764699291,,8.1,,None,,,,United States,,,,,,,,,,,,,,,,,,,,,,,,,,,,,,,,,,,DLB001130,,,Round 2.02ct E VVS2,,CVD,,,120,,https://v360.in/V360Images.aspx?cid=RAH&d=25CY-0229,https://v360.in/viewer4.0/vision360.html?d=25CY-0229&surl=https://s10.v360.in/images/company/2575/,https://api.igi.org/viewpdf.php?r=764699291,,,,,,,,,,,,,,G
,IGI,2.02,,,,Ideal,242.4,,None,,FALSE,TRUE,Round,E,None,VVS2,Do not have different prices for Memo and COD,,California,,,5.04,Excellent,Excellent,,,,,Los Angeles,yes,,,N,,,,,,,,,1,62.4,,,,,,,35,58,,,8.07,LG764699293,,8.1,,None,,,,United States,,,,,,,,,,,,,,,,,,,,,,,,,,,,,,,,,,,DLB001131,,,Round 2.02ct E VVS2,,CVD,,,120,,https://v360.in/V360Images.aspx?cid=RAH&d=25CY-0234,https://v360.in/viewer4.0/vision360.html?d=25CY-0234&surl=https://s10.v360.in/images/company/2575/,https://api.igi.org/viewpdf.php?r=764699293,,,,,,,,,,,,,,G
,IGI,2.04,,,,Ideal,244.8,,None,,FALSE,TRUE,Round,E,None,VVS2,Do not have different prices for Memo and COD,,California,,,5.05,Excellent,Excellent,,,,,Los Angeles,yes,,,N,,,,,,,,,1,61.9,,,,,,,34.9,57,,,8.15,LG764699299,,8.18,,None,,,,United States,,,,,,,,,,,,,,,,,,,,,,,,,,,,,,,,,,,DLB001133,,,Round 2.04ct E VVS2,,CVD,,,120,,https://v360.in/V360Images.aspx?cid=RAH&d=25CY-0241,https://v360.in/viewer4.0/vision360.html?d=25CY-0241&surl=https://s10.v360.in/images/company/2575/,https://api.igi.org/viewpdf.php?r=764699299,,,,,,,,,,,,,,G
,IGI,2.01,,,,Ideal,241.2,,None,,FALSE,TRUE,Round,E,None,VVS2,Do not have different prices for Memo and COD,,California,,,4.88,Excellent,Excellent,,,,,Los Angeles,yes,,,N,,,,,,,,,1,59.8,,,,,,,33.1,59,,,8.16,LG767609149,,8.18,,None,,,,United States,,,,,,,,,,,,,,,,,,,,,,,,,,,,,,,,,,,DLB001135,,,Round 2.01ct E VVS2,,CVD,,,120,,https://v360.diamonds/c/48cd6dcb-2aeb-4b10-84f7-f1ac2f104a73?m=t&a=25CY-0302,https://v360.diamonds/c/48cd6dcb-2aeb-4b10-84f7-f1ac2f104a73?m=d&a=25CY-0302,https://api.igi.org/viewpdf.php?r=767609149,,,,,,,,,,,,,,G
,IGI,2.04,,,,Ideal,244.8,,None,,FALSE,TRUE,Round,E,None,VVS2,Do not have different prices for Memo and COD,,California,,,5.03,Excellent,Excellent,,,,,Los Angeles,yes,,,N,,,,,,,,,1,61.4,,,,,,,34.1,55,,,8.18,LG765601548,,8.2,,None,,,,United States,,,,,,,,,,,,,,,,,,,,,,,,,,,,,,,,,,,DLB001136,,,Round 2.04ct E VVS2,,CVD,,,120,,https://v360.in/V360Images.aspx?cid=RAH&d=25CY-0381,https://v360.in/viewer4.0/vision360.html?d=25CY-0381&surl=https://s10.v360.in/images/company/2575/,https://api.igi.org/viewpdf.php?r=765601548,,,,,,,,,,,,,,G
,IGI,2.05,,,,Ideal,246,,None,,FALSE,TRUE,Round,E,None,VVS2,Do not have different prices for Memo and COD,,California,,,4.92,Excellent,Excellent,,,,,Los Angeles,yes,,,N,,,,,,,,,1,59.5,,,,,,,33.2,60,,,8.25,LG765601549,,8.28,,None,,,,United States,,,,,,,,,,,,,,,,,,,,,,,,,,,,,,,,,,,DLB001137,,,Round 2.05ct E VVS2,,CVD,,,120,,https://v360.in/V360Images.aspx?cid=RAH&d=25CY-0382,https://v360.in/viewer4.0/vision360.html?d=25CY-0382&surl=https://s10.v360.in/images/company/2575/,https://api.igi.org/viewpdf.php?r=765601549,,,,,,,,,,,,,,G
,IGI,2.05,,,,Ideal,246,,None,,FALSE,TRUE,Round,E,None,VVS2,Do not have different prices for Memo and COD,,California,,,4.96,Excellent,Excellent,,,,,Los Angeles,yes,,,N,,,,,,,,,1,60.6,,,,,,,33.5,59,,,8.18,LG765601550,,8.2,,None,,,,United States,,,,,,,,,,,,,,,,,,,,,,,,,,,,,,,,,,,DLB001138,,,Round 2.05ct E VVS2,,CVD,,,120,,https://v360.in/V360Images.aspx?cid=RAH&d=25CY-0386,https://v360.in/viewer4.0/vision360.html?d=25CY-0386&surl=https://s10.v360.in/images/company/2575/,https://api.igi.org/viewpdf.php?r=765601550,,,,,,,,,,,,,,G
,IGI,2.04,,,,Ideal,244.8,,None,,FALSE,TRUE,Round,E,None,VVS2,Do not have different prices for Memo and COD,,California,,,4.99,Excellent,Excellent,,,,,Los Angeles,yes,,,N,,,,,,,,,1,61.2,,,,,,,33,58,,,8.15,LG765601555,,8.18,,None,,,,United States,,,,,,,,,,,,,,,,,,,,,,,,,,,,,,,,,,,DLB001139,,,Round 2.04ct E VVS2,,CVD,,,120,,https://v360.in/V360Images.aspx?cid=RAH&d=25CY-0412,https://v360.in/viewer4.0/vision360.html?d=25CY-0412&surl=https://s10.v360.in/images/company/2575/,https://api.igi.org/viewpdf.php?r=765601555,,,,,,,,,,,,,,G
,IGI,2.03,,,,Ideal,243.6,,None,,FALSE,TRUE,Round,E,None,VVS2,Do not have different prices for Memo and COD,,California,,,4.97,Excellent,Excellent,,,,,Los Angeles,yes,,,N,,,,,,,,,1,60.9,,,,,,,33.1,58,,,8.16,LG765601556,,8.18,,None,,,,United States,,,,,,,,,,,,,,,,,,,,,,,,,,,,,,,,,,,DLB001140,,,Round 2.03ct E VVS2,,CVD,,,120,,https://v360.in/V360Images.aspx?cid=RAH&d=25CY-0413,https://v360.in/viewer4.0/vision360.html?d=25CY-0413&surl=https://s10.v360.in/images/company/2575/,https://api.igi.org/viewpdf.php?r=765601556,,,,,,,,,,,,,,G
,IGI,2.01,,,,Ideal,241.2,,None,,FALSE,TRUE,Round,E,None,VVS2,Do not have different prices for Memo and COD,,California,,,4.93,Excellent,Excellent,,,,,Los Angeles,yes,,,N,,,,,,,,,1,61.4,,,,,,,36,60,,,8,LG765601564,,8.05,,None,,,,United States,,,,,,,,,,,,,,,,,,,,,,,,,,,,,,,,,,,DLB001141,,,Round 2.01ct E VVS2,,CVD,,,120,,https://v360.in/V360Images.aspx?cid=RAH&d=25CY-0446,https://v360.in/viewer4.0/vision360.html?d=25CY-0446&surl=https://s10.v360.in/images/company/2575/,https://api.igi.org/viewpdf.php?r=765601564,,,,,,,,,,,,,,G
,IGI,2.01,,,,Ideal,241.2,,None,,FALSE,TRUE,Round,E,None,VVS2,Do not have different prices for Memo and COD,,California,,,4.99,Excellent,Excellent,,,,,Los Angeles,yes,,,N,,,,,,,,,1,61.5,,,,,,,32.9,59,,,8.08,LG765601566,,8.13,,None,,,,United States,,,,,,,,,,,,,,,,,,,,,,,,,,,,,,,,,,,DLB001142,,,Round 2.01ct E VVS2,,CVD,,,120,,https://v360.in/V360Images.aspx?cid=RAH&d=25CY-0458,https://v360.in/viewer4.0/vision360.html?d=25CY-0458&surl=https://s10.v360.in/images/company/2575/,https://api.igi.org/viewpdf.php?r=765601566,,,,,,,,,,,,,,G
,IGI,2.01,,,,Ideal,241.2,,None,,FALSE,TRUE,Round,E,None,VVS2,Do not have different prices for Memo and COD,,California,,,4.91,Excellent,Excellent,,,,,Los Angeles,yes,,,N,,,,,,,,,1,60.8,,,,,,,33.9,60,,,8.06,LG768645112,,8.1,,None,,,,United States,,,,,,,,,,,,,,,,,,,,,,,,,,,,,,,,,,,DLB001143,,,Round 2.01ct E VVS2,,CVD,,,120,,https://v360.diamonds/c/48cd6dcb-2aeb-4b10-84f7-f1ac2f104a73?m=t&a=25CY-0519,https://v360.diamonds/c/48cd6dcb-2aeb-4b10-84f7-f1ac2f104a73?m=d&a=25CY-0519,https://api.igi.org/viewpdf.php?r=768645112,,,,,,,,,,,,,,G
,IGI,2.01,,,,Ideal,241.2,,None,,FALSE,TRUE,Round,E,None,VVS2,Do not have different prices for Memo and COD,,California,,,4.95,Excellent,Excellent,,,,,Los Angeles,yes,,,N,,,,,,,,,1,61.3,,,,,,,34.5,60,,,8.08,LG768644959,,8.1,,None,,,,United States,,,,,,,,,,,,,,,,,,,,,,,,,,,,,,,,,,,DLB001146,,,Round 2.01ct E VVS2,,CVD,,,120,,https://v360.diamonds/c/48cd6dcb-2aeb-4b10-84f7-f1ac2f104a73?m=t&a=25CY-0558,https://v360.diamonds/c/48cd6dcb-2aeb-4b10-84f7-f1ac2f104a73?m=d&a=25CY-0558,https://api.igi.org/viewpdf.php?r=768644959,,,,,,,,,,,,,,G
,IGI,2.01,,,,Ideal,241.2,,None,,FALSE,TRUE,Round,E,None,VVS2,Do not have different prices for Memo and COD,,California,,,4.96,Excellent,Excellent,,,,,Los Angeles,yes,,,N,,,,,,,,,1,60.9,,,,,,,33,59,,,8.12,LG768645034,,8.15,,None,,,,United States,,,,,,,,,,,,,,,,,,,,,,,,,,,,,,,,,,,DLB001147,,,Round 2.01ct E VVS2,,CVD,,,120,,https://v360.diamonds/c/48cd6dcb-2aeb-4b10-84f7-f1ac2f104a73?m=d&a=25CY-0572,,https://api.igi.org/viewpdf.php?r=768645034,,,,,,,,,,,,,,G
,IGI,2.03,,,,Ideal,243.6,,None,,FALSE,TRUE,Round,E,None,VVS2,Do not have different prices for Memo and COD,,California,,,4.95,Excellent,Excellent,,,,,Los Angeles,yes,,,N,,,,,,,,,1,60.7,,,,,,,33.2,59,,,8.12,LG768688825,,8.19,,None,,,,United States,,,,,,,,,,,,,,,,,,,,,,,,,,,,,,,,,,,DLB001148,,,Round 2.03ct E VVS2,,CVD,,,120,,https://v360.in/V360Images.aspx?cid=RAH&d=25CY-0614,https://v360.in/viewer4.0/vision360.html?d=25CY-0614&surl=https://s10.v360.in/images/company/2575/,https://api.igi.org/viewpdf.php?r=768688825,,,,,,,,,,,,,,G
,IGI,2.01,,,,Ideal,241.2,,None,,FALSE,TRUE,Round,E,None,VVS2,Do not have different prices for Memo and COD,,California,,,4.87,Excellent,Excellent,,,,,Los Angeles,yes,,,N,,,,,,,,,1,60,,,,,,,32.7,61,,,8.11,LG769610541,,8.15,,None,,,,United States,,,,,,,,,,,,,,,,,,,,,,,,,,,,,,,,,,,DLB001149,,,Round 2.01ct E VVS2,,CVD,,,120,,https://v360.in/V360Images.aspx?cid=RAH&d=25CY-0652,https://v360.in/viewer4.0/vision360.html?d=25CY-0652&surl=https://s10.v360.in/images/company/2575/,https://api.igi.org/viewpdf.php?r=769610541,,,,,,,,,,,,,,G
,IGI,2.01,,,,Ideal,241.2,,None,,FALSE,TRUE,Round,E,None,VVS2,Do not have different prices for Memo and COD,,California,,,5.01,Excellent,Excellent,,,,,Los Angeles,yes,,,N,,,,,,,,,1,62.1,,,,,,,35.6,56,,,8.05,LG769610539,,8.1,,None,,,,United States,,,,,,,,,,,,,,,,,,,,,,,,,,,,,,,,,,,DLB001150,,,Round 2.01ct E VVS2,,CVD,,,120,,https://v360.in/V360Images.aspx?cid=RAH&d=25CY-0654,https://v360.in/viewer4.0/vision360.html?d=25CY-0654&surl=https://s10.v360.in/images/company/2575/,https://api.igi.org/viewpdf.php?r=769610539,,,,,,,,,,,,,,G
,IGI,2.01,,,,Ideal,241.2,,None,,FALSE,TRUE,Round,E,None,VVS2,Do not have different prices for Memo and COD,,California,,,5,Excellent,Excellent,,,,,Los Angeles,yes,,,N,,,,,,,,,1,62.2,,,,,,,35.5,58,,,8.03,LG769636023,,8.06,,None,,,,United States,,,,,,,,,,,,,,,,,,,,,,,,,,,,,,,,,,,DLB001151,,,Round 2.01ct E VVS2,,CVD,,,120,,https://v360.in/V360Images.aspx?cid=RAH&d=25CY-0714,https://v360.in/viewer4.0/vision360.html?d=25CY-0714&surl=https://s10.v360.in/images/company/2575/,https://api.igi.org/viewpdf.php?r=769636023,,,,,,,,,,,,,,G
,IGI,2.01,,,,Ideal,241.2,,None,,FALSE,TRUE,Round,E,None,VVS2,Do not have different prices for Memo and COD,,California,,,4.9,Excellent,Excellent,,,,,Los Angeles,yes,,,N,,,,,,,,,1,59.8,,,,,,,33.1,60,,,8.17,LG769635963,,8.23,,None,,,,United States,,,,,,,,,,,,,,,,,,,,,,,,,,,,,,,,,,,DLB001152,,,Round 2.01ct E VVS2,,CVD,,,120,,https://v360.in/V360Images.aspx?cid=RAH&d=25CY-0728,https://v360.in/viewer4.0/vision360.html?d=25CY-0728&surl=https://s10.v360.in/images/company/2575/,https://api.igi.org/viewpdf.php?r=769635963,,,,,,,,,,,,,,G
,IGI,2.03,,,,Ideal,243.6,,None,,FALSE,TRUE,Round,E,None,VVS2,Do not have different prices for Memo and COD,,California,,,4.93,Excellent,Excellent,,,,,Los Angeles,yes,,,N,,,,,,,,,1,60.5,,,,,,,33,59,,,8.13,LG769671649,,8.17,,None,,,,United States,,,,,,,,,,,,,,,,,,,,,,,,,,,,,,,,,,,DLB001153,,,Round 2.03ct E VVS2,,CVD,,,120,,https://v360.in/V360Images.aspx?cid=RAH&d=25CY-0761,https://v360.in/viewer4.0/vision360.html?d=25CY-0761&surl=https://s10.v360.in/images/company/2575/,https://api.igi.org/viewpdf.php?r=769671649,,,,,,,,,,,,,,G
,IGI,2.04,,,,Ideal,244.8,,None,,FALSE,TRUE,Round,E,None,VVS2,Do not have different prices for Memo and COD,,California,,,4.97,Excellent,Excellent,,,,,Los Angeles,yes,,,N,,,,,,,,,1,61,,,,,,,33.6,59,,,8.13,LG765601591,,8.16,,None,,,,United States,,,,,,,,,,,,,,,,,,,,,,,,,,,,,,,,,,,DLB001154,,,Round 2.04ct E VVS2,,CVD,,,120,,https://v360.in/V360Images.aspx?cid=RAH&d=25CZ-0081,https://v360.in/viewer4.0/vision360.html?d=25CZ-0081&surl=https://s10.v360.in/images/company/2575/,https://api.igi.org/viewpdf.php?r=765601591,,,,,,,,,,,,,,G
,IGI,2.04,,,,Ideal,244.8,,None,,FALSE,TRUE,Round,E,None,VVS2,Do not have different prices for Memo and COD,,California,,,5.01,Excellent,Excellent,,,,,Los Angeles,yes,,,N,,,,,,,,,1,61.6,,,,,,,33.9,59,,,8.1,LG765601595,,8.16,,None,,,,United States,,,,,,,,,,,,,,,,,,,,,,,,,,,,,,,,,,,DLB001155,,,Round 2.04ct E VVS2,,CVD,,,120,,https://v360.in/V360Images.aspx?cid=RAH&d=25CZ-0085,https://v360.in/viewer4.0/vision360.html?d=25CZ-0085&surl=https://s10.v360.in/images/company/2575/,https://api.igi.org/viewpdf.php?r=765601595,,,,,,,,,,,,,,G
,IGI,2.01,,,,Ideal,241.2,,None,,FALSE,TRUE,Round,E,None,VVS2,Do not have different prices for Memo and COD,,California,,,4.98,Excellent,Excellent,,,,,Los Angeles,yes,,,N,,,,,,,,,1,61.9,,,,,,,35.8,57,,,8.03,LG769610596,,8.06,,None,,,,United States,,,,,,,,,,,,,,,,,,,,,,,,,,,,,,,,,,,DLB001156,,,Round 2.01ct E VVS2,,CVD,,,120,,https://v360.in/V360Images.aspx?cid=RAH&d=25CZ-0242,https://v360.in/viewer4.0/vision360.html?d=25CZ-0242&surl=https://s10.v360.in/images/company/2575/,https://api.igi.org/viewpdf.php?r=765601596,,,,,,,,,,,,,,G
,IGI,2.01,,,,Ideal,241.2,,None,,FALSE,TRUE,Round,E,None,VVS2,Do not have different prices for Memo and COD,,California,,,4.97,Excellent,Excellent,,,,,Los Angeles,yes,,,N,,,,,,,,,1,62,,,,,,,36.1,59,,,8,LG769635999,,8.03,,None,,,,United States,,,,,,,,,,,,,,,,,,,,,,,,,,,,,,,,,,,DLB001157,,,Round 2.01ct E VVS2,,CVD,,,120,,https://v360.in/V360Images.aspx?cid=RAH&d=25CZ-0278,https://v360.in/viewer4.0/vision360.html?d=25CZ-0278&surl=https://s10.v360.in/images/company/2575/,https://api.igi.org/viewpdf.php?r=769635999,,,,,,,,,,,,,,G
,IGI,2.01,,,,Ideal,241.2,,None,,FALSE,TRUE,Round,E,None,VVS2,Do not have different prices for Memo and COD,,California,,,4.93,Excellent,Excellent,,,,,Los Angeles,yes,,,N,,,,,,,,,1,60.6,,,,,,,33.7,59,,,8.12,LG769636004,,8.16,,None,,,,United States,,,,,,,,,,,,,,,,,,,,,,,,,,,,,,,,,,,DLB001158,,,Round 2.01ct E VVS2,,CVD,,,120,,https://v360.in/V360Images.aspx?cid=RAH&d=25CZ-0279,https://v360.in/viewer4.0/vision360.html?d=25CZ-0279&surl=https://s10.v360.in/images/company/2575/,https://api.igi.org/viewpdf.php?r=769636004,,,,,,,,,,,,,,G
,IGI,2.05,,,,Ideal,246,,None,,FALSE,TRUE,Round,E,None,VVS2,Do not have different prices for Memo and COD,,California,,,5,Excellent,Excellent,,,,,Los Angeles,yes,,,N,,,,,,,,,1,61.4,,,,,,,34.2,60,,,8.13,LG769635977,,8.15,,None,,,,United States,,,,,,,,,,,,,,,,,,,,,,,,,,,,,,,,,,,DLB001159,,,Round 2.05ct E VVS2,,CVD,,,120,,https://v360.in/V360Images.aspx?cid=RAH&d=25CZ-0296,https://v360.in/viewer4.0/vision360.html?d=25CZ-0296&surl=https://s10.v360.in/images/company/2575/,https://api.igi.org/viewpdf.php?r=769635977,,,,,,,,,,,,,,G
,IGI,2.04,,,,Ideal,244.8,,None,,FALSE,TRUE,Round,E,None,VVS2,Do not have different prices for Memo and COD,,California,,,4.98,Excellent,Excellent,,,,,Los Angeles,yes,,,N,,,,,,,,,1,61,,,,,,,33.9,59,,,8.14,LG769671652,,8.18,,None,,,,United States,,,,,,,,,,,,,,,,,,,,,,,,,,,,,,,,,,,DLB001160,,,Round 2.04ct E VVS2,,CVD,,,120,,https://v360.in/V360Images.aspx?cid=RAH&d=25CZ-0370,https://v360.in/viewer4.0/vision360.html?d=25CZ-0370&surl=https://s10.v360.in/images/company/2575/,https://api.igi.org/viewpdf.php?r=769671652,,,,,,,,,,,,,,G
,IGI,2.05,,,,Ideal,246,,None,,FALSE,TRUE,Round,E,None,VVS2,Do not have different prices for Memo and COD,,California,,,5.03,Excellent,Excellent,,,,,Los Angeles,yes,,,N,,,,,,,,,1,61.7,,,,,,,33.8,58,,,8.13,LG769671750,,8.16,,None,,,,United States,,,,,,,,,,,,,,,,,,,,,,,,,,,,,,,,,,,DLB001161,,,Round 2.05ct E VVS2,,CVD,,,120,,https://v360.in/V360Images.aspx?cid=RAH&d=25CZ-0378,https://v360.in/viewer4.0/vision360.html?d=25CZ-0378&surl=https://s10.v360.in/images/company/2575/,https://api.igi.org/viewpdf.php?r=769671750,,,,,,,,,,,,,,G
,IGI,2.05,,,,Ideal,246,,None,,FALSE,TRUE,Round,E,None,VVS2,Do not have different prices for Memo and COD,,California,,,5.04,Excellent,Excellent,,,,,Los Angeles,yes,,,N,,,,,,,,,1,62,,,,,,,34.7,57,,,8.11,LG770618137,,8.14,,None,,,,United States,,,,,,,,,,,,,,,,,,,,,,,,,,,,,,,,,,,DLB001162,,,Round 2.05ct E VVS2,,CVD,,,120,,https://v360.in/V360Images.aspx?cid=RAH&d=25CZ-0510,https://v360.in/viewer4.0/vision360.html?d=25CZ-0510&surl=https://s10.v360.in/images/company/2575/,https://api.igi.org/viewpdf.php?r=770618137,,,,,,,,,,,,,,G
,IGI,2.03,,,,Ideal,243.6,,None,,FALSE,TRUE,Round,E,None,VVS2,Do not have different prices for Memo and COD,,California,,,5.03,Excellent,Excellent,,,,,Los Angeles,yes,,,N,,,,,,,,,1,61.8,,,,,,,33.5,57,,,8.13,LG762568513,,8.17,,None,,,,United States,,,,,,,,,,,,,,,,,,,,,,,,,,,,,,,,,,,DLB001163,,,Round 2.03ct E VVS2,,CVD,,,120,,https://v360.in/V360Images.aspx?cid=RAH&d=25DA-0029,https://v360.in/viewer4.0/vision360.html?d=25DA-0029&surl=https://s10.v360.in/images/company/2575/,https://api.igi.org/viewpdf.php?r=762568513,,,,,,,,,,,,,,G
,IGI,2.02,,,,Ideal,242.4,,None,,FALSE,TRUE,Round,E,None,VVS2,Do not have different prices for Memo and COD,,California,,,5.02,Excellent,Excellent,,,,,Los Angeles,yes,,,N,,,,,,,,,1,62.4,,,,,,,36,58,,,8.03,LG762568514,,8.06,,None,,,,United States,,,,,,,,,,,,,,,,,,,,,,,,,,,,,,,,,,,DLB001164,,,Round 2.02ct E VVS2,,CVD,,,120,,https://v360.in/V360Images.aspx?cid=RAH&d=25DA-0037,https://v360.in/viewer4.0/vision360.html?d=25DA-0037&surl=https://s10.v360.in/images/company/2575/,https://api.igi.org/viewpdf.php?r=762568514,,,,,,,,,,,,,,G
,IGI,2.01,,,,Ideal,241.2,,None,,FALSE,TRUE,Round,E,None,VVS2,Do not have different prices for Memo and COD,,California,,,4.95,Excellent,Excellent,,,,,Los Angeles,yes,,,N,,,,,,,,,1,61,,,,,,,31.8,59,,,8.09,LG764699306,,8.13,,None,,,,United States,,,,,,,,,,,,,,,,,,,,,,,,,,,,,,,,,,,DLB001165,,,Round 2.01ct E VVS2,,CVD,,,120,,https://v360.in/V360Images.aspx?cid=RAH&d=25DA-0059,https://v360.in/viewer4.0/vision360.html?d=25DA-0059&surl=https://s10.v360.in/images/company/2575/,https://api.igi.org/viewpdf.php?r=764699306,,,,,,,,,,,,,,G
,IGI,2.04,,,,Ideal,244.8,,None,,FALSE,TRUE,Round,E,None,VVS2,Do not have different prices for Memo and COD,,California,,,5.03,Excellent,Excellent,,,,,Los Angeles,yes,,,N,,,,,,,,,1,61.8,,,,,,,35.1,58,,,8.12,LG764699309,,8.14,,None,,,,United States,,,,,,,,,,,,,,,,,,,,,,,,,,,,,,,,,,,DLB001166,,,Round 2.04ct E VVS2,,CVD,,,120,,https://v360.in/V360Images.aspx?cid=RAH&d=25DA-0079,https://v360.in/viewer4.0/vision360.html?d=25DA-0079&surl=https://s10.v360.in/images/company/2575/,https://api.igi.org/viewpdf.php?r=764699309,,,,,,,,,,,,,,G
,IGI,2.01,,,,Ideal,241.2,,None,,FALSE,TRUE,Round,E,None,VVS2,Do not have different prices for Memo and COD,,California,,,4.97,Excellent,Excellent,,,,,Los Angeles,yes,,,N,,,,,,,,,1,61.1,,,,,,,34,57,,,8.12,LG767609486,,8.16,,None,,,,United States,,,,,,,,,,,,,,,,,,,,,,,,,,,,,,,,,,,DLB001167,,,Round 2.01ct E VVS2,,CVD,,,120,,https://v360.diamonds/c/48cd6dcb-2aeb-4b10-84f7-f1ac2f104a73?m=t&a=25DA-0098,https://v360.diamonds/c/48cd6dcb-2aeb-4b10-84f7-f1ac2f104a73?m=d&a=25DA-0098,https://api.igi.org/viewpdf.php?r=767609486,,,,,,,,,,,,,,G
,IGI,2.01,,,,Ideal,241.2,,None,,FALSE,TRUE,Round,E,None,VVS2,Do not have different prices for Memo and COD,,California,,,4.96,Excellent,Excellent,,,,,Los Angeles,yes,,,N,,,,,,,,,1,61.1,,,,,,,33.5,58,,,8.1,LG768644991,,8.13,,None,,,,United States,,,,,,,,,,,,,,,,,,,,,,,,,,,,,,,,,,,DLB001168,,,Round 2.01ct E VVS2,,CVD,,,120,,https://v360.in/V360Images.aspx?cid=RAH&d=25DA-0107,https://v360.in/viewer4.0/vision360.html?d=25DA-0107&surl=https://s10.v360.in/images/company/2575/,https://api.igi.org/viewpdf.php?r=768644991,,,,,,,,,,,,,,G
,IGI,2.05,,,,Ideal,246,,None,,FALSE,TRUE,Round,E,None,VVS2,Do not have different prices for Memo and COD,,California,,,5.04,Excellent,Excellent,,,,,Los Angeles,yes,,,N,,,,,,,,,1,62,,,,,,,34.9,57,,,8.12,LG769671736,,8.15,,None,,,,United States,,,,,,,,,,,,,,,,,,,,,,,,,,,,,,,,,,,DLB001169,,,Round 2.05ct E VVS2,,CVD,,,120,,https://v360.in/V360Images.aspx?cid=RAH&d=25DA-0271,https://v360.in/viewer4.0/vision360.html?d=25DA-0271&surl=https://s10.v360.in/images/company/2575/,https://api.igi.org/viewpdf.php?r=769671736,,,,,,,,,,,,,,G
,IGI,2.03,,,,Ideal,243.6,,None,,FALSE,TRUE,Round,E,None,VVS2,Do not have different prices for Memo and COD,,California,,,4.91,Excellent,Excellent,,,,,Los Angeles,yes,,,N,,,,,,,,,1,60.2,,,,,,,33,60,,,8.14,LG769671796,,8.18,,None,,,,United States,,,,,,,,,,,,,,,,,,,,,,,,,,,,,,,,,,,DLB001170,,,Round 2.03ct E VVS2,,CVD,,,120,,https://v360.in/V360Images.aspx?cid=RAH&d=25DA-0273,https://v360.in/viewer4.0/vision360.html?d=25DA-0273&surl=https://s10.v360.in/images/company/2575/,https://api.igi.org/viewpdf.php?r=769671796,,,,,,,,,,,,,,G
,IGI,2.03,,,,Ideal,243.6,,None,,FALSE,TRUE,Round,E,None,VVS2,Do not have different prices for Memo and COD,,California,,,,Excellent,Excellent,,,,,Los Angeles,yes,,,N,,,,,,,,,1,62.4,,,,,,,33.8,57,,,8.04,LG764699311,,8.11,,None,,,,United States,,,,,,,,,,,,,,,,,,,,,,,,,,,,,,,,,,,DLB001171,,,Round 2.03ct E VVS2,,CVD,,,120,,https://v360.diamonds/c/48cd6dcb-2aeb-4b10-84f7-f1ac2f104a73?m=c&a=25DB-0003,https://v360.diamonds/c/48cd6dcb-2aeb-4b10-84f7-f1ac2f104a73?m=d&a=25DB-0003,https://api.igi.org/viewpdf.php?r=764699311,,,,,,,,,,,,,,G
,IGI,2.01,,,,Ideal,241.2,,None,,FALSE,TRUE,Round,E,None,VVS2,Do not have different prices for Memo and COD,,California,,,,Excellent,Excellent,,,,,Los Angeles,yes,,,N,,,,,,,,,1,61.7,,,,,,,35.2,58,,,8.08,LG768645033,,8.1,,None,,,,United States,,,,,,,,,,,,,,,,,,,,,,,,,,,,,,,,,,,DLB001172,,,Round 2.01ct E VVS2,,CVD,,,120,,https://v360.in/V360Images.aspx?cid=RAH&d=25DB-0014,https://v360.in/viewer4.0/vision360.html?d=25DB-0014&surl=https://s10.v360.in/images/company/2575/,https://api.igi.org/viewpdf.php?r=768645033,,,,,,,,,,,,,,G
,IGI,2.05,,,,Ideal,246,,None,,FALSE,TRUE,Round,E,None,VVS2,Do not have different prices for Memo and COD,,California,,,,Excellent,Excellent,,,,,Los Angeles,yes,,,N,,,,,,,,,1,60.2,,,,,,,33.2,60,,,8.21,LG768688837,,8.27,,None,,,,United States,,,,,,,,,,,,,,,,,,,,,,,,,,,,,,,,,,,DLB001173,,,Round 2.05ct E VVS2,,CVD,,,120,,https://v360.in/V360Images.aspx?cid=RAH&d=25DB-0045,https://v360.in/viewer4.0/vision360.html?d=25DB-0045&surl=https://s10.v360.in/images/company/2575/,https://api.igi.org/viewpdf.php?r=768688837,,,,,,,,,,,,,,G
,IGI,2.01,,,,Ideal,241.2,,None,,FALSE,TRUE,Round,E,None,VVS2,Do not have different prices for Memo and COD,,California,,,,Excellent,Excellent,,,,,Los Angeles,yes,,,N,,,,,,,,,1,60.1,,,,,,,33.1,59,,,8.17,LG769610605,,8.24,,None,,,,United States,,,,,,,,,,,,,,,,,,,,,,,,,,,,,,,,,,,DLB001174,,,Round 2.01ct E VVS2,,CVD,,,120,,https://v360.in/V360Images.aspx?cid=RAH&d=25DB-0079,https://v360.in/viewer4.0/vision360.html?d=25DB-0079&surl=https://s10.v360.in/images/company/2575/,https://api.igi.org/viewpdf.php?r=769610605,,,,,,,,,,,,,,G
,IGI,2.05,,,,Ideal,246,,None,,FALSE,TRUE,Round,E,None,VVS2,Do not have different prices for Memo and COD,,California,,,,Excellent,Excellent,,,,,Los Angeles,yes,,,N,,,,,,,,,1,61.8,,,,,,,35.4,59,,,8.12,LG769671884,,8.17,,None,,,,United States,,,,,,,,,,,,,,,,,,,,,,,,,,,,,,,,,,,DLB001175,,,Round 2.05ct E VVS2,,CVD,,,120,,https://v360.diamonds/c/48cd6dcb-2aeb-4b10-84f7-f1ac2f104a73?m=c&a=25DB-0160,https://v360.diamonds/c/48cd6dcb-2aeb-4b10-84f7-f1ac2f104a73?m=d&a=25DB-0160,https://api.igi.org/viewpdf.php?r=769671884,,,,,,,,,,,,,,G
,IGI,2.02,,,,Ideal,242.4,,None,,FALSE,TRUE,Round,E,None,VVS2,Do not have different prices for Memo and COD,,California,,,,Excellent,Excellent,,,,,Los Angeles,yes,,,N,,,,,,,,,1,61.8,,,,,,,34.1,58,,,8.07,LG769671891,,8.12,,None,,,,United States,,,,,,,,,,,,,,,,,,,,,,,,,,,,,,,,,,,DLB001176,,,Round 2.02ct E VVS2,,CVD,,,120,,https://v360.diamonds/c/48cd6dcb-2aeb-4b10-84f7-f1ac2f104a73?m=c&a=25DB-0170,https://v360.diamonds/c/48cd6dcb-2aeb-4b10-84f7-f1ac2f104a73?m=d&a=25DB-0170,https://api.igi.org/viewpdf.php?r=769671891,,,,,,,,,,,,,,G
,IGI,2.04,,,,Ideal,244.8,,None,,FALSE,TRUE,Round,E,None,VVS2,Do not have different prices for Memo and COD,,California,,,,Excellent,Excellent,,,,,Los Angeles,yes,,,N,,,,,,,,,1,61,,,,,,,34.3,59,,,8.13,LG770618092,,8.17,,None,,,,United States,,,,,,,,,,,,,,,,,,,,,,,,,,,,,,,,,,,DLB001177,,,Round 2.04ct E VVS2,,CVD,,,120,,https://v360.diamonds/c/48cd6dcb-2aeb-4b10-84f7-f1ac2f104a73?m=c&a=25DB-0318,https://v360.diamonds/c/48cd6dcb-2aeb-4b10-84f7-f1ac2f104a73?m=d&a=25DB-0318,https://api.igi.org/viewpdf.php?r=770618092,,,,,,,,,,,,,,G
,IGI,2.02,,,,Ideal,242.4,,None,,FALSE,TRUE,Round,E,None,VVS2,Do not have different prices for Memo and COD,,California,,,,Excellent,Excellent,,,,,Los Angeles,yes,,,N,,,,,,,,,1,61.6,,,,,,,33.7,58,,,8.09,LG769671744,,8.13,,None,,,,United States,,,,,,,,,,,,,,,,,,,,,,,,,,,,,,,,,,,DLB001178,,,Round 2.02ct E VVS2,,CVD,,,120,,https://v360.diamonds/c/48cd6dcb-2aeb-4b10-84f7-f1ac2f104a73?m=t&a=25DC-0065,https://v360.diamonds/c/48cd6dcb-2aeb-4b10-84f7-f1ac2f104a73?m=d&a=25DC-0065,https://api.igi.org/viewpdf.php?r=769671744,,,,,,,,,,,,,,G
,IGI,2.05,,,,Ideal,246,,None,,FALSE,TRUE,Round,E,None,VVS2,Do not have different prices for Memo and COD,,California,,,,Excellent,Excellent,,,,,Los Angeles,yes,,,N,,,,,,,,,1,61.4,,,,,,,33.3,58,,,8.14,LG769671745,,8.18,,None,,,,United States,,,,,,,,,,,,,,,,,,,,,,,,,,,,,,,,,,,DLB001179,,,Round 2.05ct E VVS2,,CVD,,,120,,https://v360.diamonds/c/48cd6dcb-2aeb-4b10-84f7-f1ac2f104a73?m=t&a=25DC-0066,https://v360.diamonds/c/48cd6dcb-2aeb-4b10-84f7-f1ac2f104a73?m=d&a=25DC-0066,https://api.igi.org/viewpdf.php?r=769671745,,,,,,,,,,,,,,G
,IGI,2.04,,,,Ideal,244.8,,None,,FALSE,TRUE,Round,E,None,VVS2,Do not have different prices for Memo and COD,,California,,,,Excellent,Excellent,,,,,Los Angeles,yes,,,N,,,,,,,,,1,62,,,,,,,35.7,58,,,8.06,LG769671827,,8.11,,None,,,,United States,,,,,,,,,,,,,,,,,,,,,,,,,,,,,,,,,,,DLB001180,,,Round 2.04ct E VVS2,,CVD,,,120,,https://v360.diamonds/c/48cd6dcb-2aeb-4b10-84f7-f1ac2f104a73?m=t&a=25DC-0071,https://v360.diamonds/c/48cd6dcb-2aeb-4b10-84f7-f1ac2f104a73?m=d&a=25DC-0071,https://api.igi.org/viewpdf.php?r=769671827,,,,,,,,,,,,,,G
,IGI,2.02,,,,Excellent,242.4,,None,,FALSE,TRUE,Round,E,None,VVS2,Do not have different prices for Memo and COD,,California,,,,Excellent,Excellent,,,,,Los Angeles,yes,,,N,,,,,,,,,1,62.3,,,,,,,36.1,58,,,7.99,LG769671640,,8.02,,None,,,,United States,,,,,,,,,,,,,,,,,,,,,,,,,,,,,,,,,,,DLB001181,,,Round 2.02ct E VVS2,,CVD,,,120,,https://v360.diamonds/c/48cd6dcb-2aeb-4b10-84f7-f1ac2f104a73?m=t&a=25DC-0073,https://v360.diamonds/c/48cd6dcb-2aeb-4b10-84f7-f1ac2f104a73?m=d&a=25DC-0073,https://api.igi.org/viewpdf.php?r=769671640,,,,,,,,,,,,,,G
,IGI,2.05,,,,Ideal,246,,None,,FALSE,TRUE,Round,E,None,VVS2,Do not have different prices for Memo and COD,,California,,,,Excellent,Excellent,,,,,Los Angeles,yes,,,N,,,,,,,,,1,60.4,,,,,,,34.3,59,,,8.18,LG770618034,,8.22,,None,,,,United States,,,,,,,,,,,,,,,,,,,,,,,,,,,,,,,,,,,DLB001182,,,Round 2.05ct E VVS2,,CVD,,,120,,https://v360.diamonds/c/48cd6dcb-2aeb-4b10-84f7-f1ac2f104a73?m=t&a=25DC-0119,https://v360.diamonds/c/48cd6dcb-2aeb-4b10-84f7-f1ac2f104a73?m=d&a=25DC-0119,https://api.igi.org/viewpdf.php?r=770618034,,,,,,,,,,,,,,G
,IGI,2.03,,,,Ideal,243.6,,None,,FALSE,TRUE,Round,E,None,VVS2,Do not have different prices for Memo and COD,,California,,,,Excellent,Excellent,,,,,Los Angeles,yes,,,N,,,,,,,,,1,60.7,,,,,,,33,60,,,8.13,LG770616850,,8.19,,None,,,,United States,,,,,,,,,,,,,,,,,,,,,,,,,,,,,,,,,,,DLB001183,,,Round 2.03ct E VVS2,,CVD,,,120,,https://v360.diamonds/c/48cd6dcb-2aeb-4b10-84f7-f1ac2f104a73?m=t&a=25DC-0123,https://v360.diamonds/c/48cd6dcb-2aeb-4b10-84f7-f1ac2f104a73?m=d&a=25DC-0123,https://api.igi.org/viewpdf.php?r=770616850,,,,,,,,,,,,,,G
,IGI,2.05,,,,Ideal,246,,None,,FALSE,TRUE,Round,E,None,VVS2,Do not have different prices for Memo and COD,,California,,,,Excellent,Excellent,,,,,Los Angeles,yes,,,N,,,,,,,,,1,60.5,,,,,,,33.9,58,,,8.16,LG770616858,,8.19,,None,,,,United States,,,,,,,,,,,,,,,,,,,,,,,,,,,,,,,,,,,DLB001184,,,Round 2.05ct E VVS2,,CVD,,,120,,https://v360.diamonds/c/48cd6dcb-2aeb-4b10-84f7-f1ac2f104a73?m=t&a=25DC-0127,https://v360.diamonds/c/48cd6dcb-2aeb-4b10-84f7-f1ac2f104a73?m=d&a=25DC-0127,https://api.igi.org/viewpdf.php?r=770616858,,,,,,,,,,,,,,G
,IGI,2.01,,,,Ideal,241.2,,None,,FALSE,TRUE,Round,E,None,VVS2,Do not have different prices for Memo and COD,,California,,,,Excellent,Excellent,,,,,Los Angeles,yes,,,N,,,,,,,,,1,62.1,,,,,,,35.2,58,,,8.03,LG770618132,,8.06,,None,,,,United States,,,,,,,,,,,,,,,,,,,,,,,,,,,,,,,,,,,DLB001185,,,Round 2.01ct E VVS2,,CVD,,,120,,https://v360.diamonds/c/48cd6dcb-2aeb-4b10-84f7-f1ac2f104a73?m=t&a=25DC-0144,https://v360.diamonds/c/48cd6dcb-2aeb-4b10-84f7-f1ac2f104a73?m=d&a=25DC-0144,https://api.igi.org/viewpdf.php?r=770618132,,,,,,,,,,,,,,G
,IGI,2.02,,,,Ideal,242.4,,None,,FALSE,TRUE,Round,E,None,VVS2,Do not have different prices for Memo and COD,,California,,,,Excellent,Excellent,,,,,Los Angeles,yes,,,N,,,,,,,,,1,61.5,,,,,,,34.4,60,,,8.09,LG770616862,,8.12,,None,,,,United States,,,,,,,,,,,,,,,,,,,,,,,,,,,,,,,,,,,DLB001186,,,Round 2.02ct E VVS2,,CVD,,,120,,https://v360.diamonds/c/48cd6dcb-2aeb-4b10-84f7-f1ac2f104a73?m=t&a=25DC-0164,https://v360.diamonds/c/48cd6dcb-2aeb-4b10-84f7-f1ac2f104a73?m=d&a=25DC-0164,https://api.igi.org/viewpdf.php?r=770616862,,,,,,,,,,,,,,G
,IGI,2.01,,,,Ideal,241.2,,None,,FALSE,TRUE,Round,E,None,VVS2,Do not have different prices for Memo and COD,,California,,,,Excellent,Excellent,,,,,Los Angeles,yes,,,N,,,,,,,,,1,62.2,,,,,,,35.7,58,,,8.03,LG761510012,,8.06,,None,,,,United States,,,,,,,,,,,,,,,,,,,,,,,,,,,,,,,,,,,DLB001187,,,Round 2.01ct E VVS2,,CVD,,,120,,https://v360.in/V360Images.aspx?cid=RAH&d=25XX-1168,https://v360.in/viewer4.0/vision360.html?d=25XX-1168&surl=https://s10.v360.in/images/company/2575/,https://api.igi.org/viewpdf.php?r=761510012,,,,,,,,,,,,,,G
,IGI,2.03,,,,Ideal,243.6,,None,,FALSE,TRUE,Round,E,None,VVS2,Do not have different prices for Memo and COD,,California,,,,Excellent,Excellent,,,,,Los Angeles,yes,,,N,,,,,,,,,1,60.1,,,,,,,33.3,59,,,8.2,LG766643905,,8.23,,None,,,,United States,,,,,,,,,,,,,,,,,,,,,,,,,,,,,,,,,,,DLB001188,,,Round 2.03ct E VVS2,,CVD,,,120,,https://v360.in/V360Images.aspx?cid=RAH&d=,https://v360.in/viewer4.0/vision360.html?d=25DB-0094&surl=https://s10.v360.in/images/company/2575/,https://api.igi.org/viewpdf.php?r=766643905,,,,,,,,,,,,,,G
,IGI,2.04,,,,Ideal,244.8,,None,,FALSE,TRUE,Round,E,None,VVS2,Do not have different prices for Memo and COD,,California,,,,Excellent,Excellent,,,,,Los Angeles,yes,,,N,,,,,,,,,1,61.3,,,,,,,34.3,58,,,8.15,LG766643909,,8.17,,None,,,,United States,,,,,,,,,,,,,,,,,,,,,,,,,,,,,,,,,,,DLB001189,,,Round 2.04ct E VVS2,,CVD,,,120,,https://v360.in/V360Images.aspx?cid=RAH&d=,https://v360.in/viewer4.0/vision360.html?d=25DB-0109&surl=https://s10.v360.in/images/company/2575/,https://api.igi.org/viewpdf.php?r=766643909,,,,,,,,,,,,,,G
,IGI,2.04,,,,Ideal,244.8,,None,,FALSE,TRUE,Round,E,None,VVS2,Do not have different prices for Memo and COD,,California,,,,Excellent,Excellent,,,,,Los Angeles,yes,,,N,,,,,,,,,1,61.2,,,,,,,33,57,,,8.16,LG766643911,,8.18,,None,,,,United States,,,,,,,,,,,,,,,,,,,,,,,,,,,,,,,,,,,DLB001190,,,Round 2.04ct E VVS2,,CVD,,,120,,https://v360.in/V360Images.aspx?cid=RAH&d=,https://v360.in/viewer4.0/vision360.html?d=25DB-0113&surl=https://s10.v360.in/images/company/2575/,https://api.igi.org/viewpdf.php?r=766643911,,,,,,,,,,,,,,G
,IGI,2.04,,,,Ideal,244.8,,None,,FALSE,TRUE,Round,E,None,VVS2,Do not have different prices for Memo and COD,,California,,,,Excellent,Excellent,,,,,Los Angeles,yes,,,N,,,,,,,,,1,62.3,,,,,,,35.4,58,,,8.06,LG769671883,,8.1,,None,,,,United States,,,,,,,,,,,,,,,,,,,,,,,,,,,,,,,,,,,DLB001191,,,Round 2.04ct E VVS2,,CVD,,,120,,https://v360.in/V360Images.aspx?cid=RAH&d=,https://v360.in/viewer4.0/vision360.html?d=25DB-0162&surl=https://s10.v360.in/images/company/2575/,https://api.igi.org/viewpdf.php?r=769671883,,,,,,,,,,,,,,G
,IGI,2.03,,,,Ideal,243.6,,None,,FALSE,TRUE,Round,E,None,VVS2,Do not have different prices for Memo and COD,,California,,,,Excellent,Excellent,,,,,Los Angeles,yes,,,N,,,,,,,,,1,61.6,,,,,,,34,59,,,8.1,LG770618059,,8.13,,None,,,,United States,,,,,,,,,,,,,,,,,,,,,,,,,,,,,,,,,,,DLB001192,,,Round 2.03ct E VVS2,,CVD,,,120,,https://v360.in/V360Images.aspx?cid=RAH&d=,https://v360.in/viewer4.0/vision360.html?d=25DB-0298&surl=https://s10.v360.in/images/company/2575/,https://api.igi.org/viewpdf.php?r=770618059,,,,,,,,,,,,,,G
,IGI,2.01,,,,Ideal,241.2,,None,,FALSE,TRUE,Round,E,None,VVS2,Do not have different prices for Memo and COD,,California,,,,Excellent,Excellent,,,,,Los Angeles,yes,,,N,,,,,,,,,1,62.4,,,,,,,35.5,58,,,8.02,LG770618071,,8.06,,None,,,,United States,,,,,,,,,,,,,,,,,,,,,,,,,,,,,,,,,,,DLB001193,,,Round 2.01ct E VVS2,,CVD,,,120,,https://v360.in/V360Images.aspx?cid=RAH&d=,https://v360.in/viewer4.0/vision360.html?d=25DB-0322&surl=https://s10.v360.in/images/company/2575/,https://api.igi.org/viewpdf.php?r=770618071,,,,,,,,,,,,,,G
,IGI,2.05,,,,Ideal,246,,None,,FALSE,TRUE,Round,E,None,VVS2,Do not have different prices for Memo and COD,,California,,,,Excellent,Excellent,,,,,Los Angeles,yes,,,N,,,,,,,,,1,61.4,,,,,,,34,58,,,8.11,LG771650371,,8.14,,None,,,,United States,,,,,,,,,,,,,,,,,,,,,,,,,,,,,,,,,,,DLB001194,,,Round 2.05ct E VVS2,,CVD,,,120,,https://v360.in/V360Images.aspx?cid=RAH&d=,https://v360.in/viewer4.0/vision360.html?d=25DB-0432&surl=https://s10.v360.in/images/company/2575/,https://api.igi.org/viewpdf.php?r=771650371,,,,,,,,,,,,,,G
,IGI,2.02,,,,Ideal,242.4,,None,,FALSE,TRUE,Round,E,None,VVS2,Do not have different prices for Memo and COD,,California,,,,Excellent,Excellent,,,,,Los Angeles,yes,,,N,,,,,,,,,1,59.9,,,,,,,32.9,59,,,8.19,LG771650368,,8.22,,None,,,,United States,,,,,,,,,,,,,,,,,,,,,,,,,,,,,,,,,,,DLB001195,,,Round 2.02ct E VVS2,,CVD,,,120,,https://v360.in/V360Images.aspx?cid=RAH&d=,https://v360.in/viewer4.0/vision360.html?d=25DB-0435&surl=https://s10.v360.in/images/company/2575/,https://api.igi.org/viewpdf.php?r=771650368,,,,,,,,,,,,,,G
,IGI,2.05,,,,Ideal,246,,None,,FALSE,TRUE,Round,E,None,VVS2,Do not have different prices for Memo and COD,,California,,,,Excellent,Excellent,,,,,Los Angeles,yes,,,N,,,,,,,,,1,60.6,,,,,,,33.7,59,,,8.19,LG771650367,,8.21,,None,,,,United States,,,,,,,,,,,,,,,,,,,,,,,,,,,,,,,,,,,DLB001196,,,Round 2.05ct E VVS2,,CVD,,,120,,https://v360.in/V360Images.aspx?cid=RAH&d=,https://v360.in/viewer4.0/vision360.html?d=25DB-0436&surl=https://s10.v360.in/images/company/2575/,https://api.igi.org/viewpdf.php?r=771650367,,,,,,,,,,,,,,G
,IGI,2.05,,,,Ideal,246,,None,,FALSE,TRUE,Round,E,None,VVS2,Do not have different prices for Memo and COD,,California,,,,Excellent,Excellent,,,,,Los Angeles,yes,,,N,,,,,,,,,1,62,,,,,,,34.5,56,,,8.12,LG771649759,,8.14,,None,,,,United States,,,,,,,,,,,,,,,,,,,,,,,,,,,,,,,,,,,DLB001197,,,Round 2.05ct E VVS2,,CVD,,,120,,https://v360.in/V360Images.aspx?cid=RAH&d=,https://v360.in/viewer4.0/vision360.html?d=25DB-0447&surl=https://s10.v360.in/images/company/2575/,https://api.igi.org/viewpdf.php?r=771649759,,,,,,,,,,,,,,G
,IGI,2.01,,,,Excellent,241.2,,None,,FALSE,TRUE,Round,E,None,VVS2,Do not have different prices for Memo and COD,,California,,,,Excellent,Excellent,,,,,Los Angeles,yes,,,N,,,,,,,,,1,62.6,,,,,,,35.7,58,,,8.01,LG762566156,,8.04,,None,,,,United States,,,,,,,,,,,,,,,,,,,,,,,,,,,,,,,,,,,DLB001198,,,Round 2.01ct E VVS2,,CVD,,,120,,https://v360.in/V360Images.aspx?cid=RAH&d=,https://v360.in/viewer4.0/vision360.html?d=25CW-0167&surl=https://s10.v360.in/images/company/2575/,https://api.igi.org/viewpdf.php?r=762566156,,,,,,,,,,,,,,G
,IGI,2.01,,,,Excellent,241.2,,None,,FALSE,TRUE,Round,E,None,VVS2,Do not have different prices for Memo and COD,,California,,,,Excellent,Excellent,,,,,Los Angeles,yes,,,N,,,,,,,,,1,63,,,,,,,36.4,59,,,7.97,LG762566159,,8.01,,None,,,,United States,,,,,,,,,,,,,,,,,,,,,,,,,,,,,,,,,,,DLB001199,,,Round 2.01ct E VVS2,,CVD,,,120,,https://v360.in/V360Images.aspx?cid=RAH&d=,https://v360.in/viewer4.0/vision360.html?d=25CW-0173&surl=https://s10.v360.in/images/company/2575/,https://api.igi.org/viewpdf.php?r=762566159,,,,,,,,,,,,,,G
,IGI,2.01,,,,Ideal,241.2,,None,,FALSE,TRUE,Round,E,None,VVS2,Do not have different prices for Memo and COD,,California,,,,Excellent,Excellent,,,,,Los Angeles,yes,,,N,,,,,,,,,1,61.2,,,,,,,33.9,59,,,8.1,LG762566160,,8.11,,None,,,,United States,,,,,,,,,,,,,,,,,,,,,,,,,,,,,,,,,,,DLB001200,,,Round 2.01ct E VVS2,,CVD,,,120,,https://v360.in/V360Images.aspx?cid=RAH&d=,https://v360.in/viewer4.0/vision360.html?d=25CW-0174&surl=https://s10.v360.in/images/company/2575/,https://api.igi.org/viewpdf.php?r=762566160,,,,,,,,,,,,,,G
